Sum of current_firm,Column Labels,,,,,,,,,,,,,,,,,,,,,,,,,,,,,,,,,,,,,,,,,,,,,,,,,,,,,,,,,
Row Labels,0,1,2,3,4,5,6,7,8,9,10,11,12,13,14,15,16,17,18,19,20,21,22,23,24,25,26,27,28,29,30,31,32,33,34,35,36,37,38,39,40,41,42,43,44,45,46,47,48,49,50,51,52,53,54,55,56,Grand Total
1,1,10,10,10,10,10,10,10,1,1,1,1,1,1,1,1,1,1,1,10,10,1,1,10,10,10,1,1,10,10,10,10,10,10,10,10,10,10,10,10,10,10,1,1,1,10,10,1,10,10,1,10,1,1,1,1,1,336
2,1,10,1,1,10,1,10,1,10,1,10,1,10,1,10,1,10,1,1,1,10,10,1,1,10,1,1,10,1,1,1,10,1,1,10,1,10,1,10,10,1,1,10,10,1,10,10,1,10,1,10,1,1,10,1,10,1,282
3,1,10,10,1,10,1,1,10,1,1,1,1,1,1,1,10,10,1,10,10,10,10,10,10,10,1,10,10,10,10,10,1,10,1,1,1,10,10,10,1,1,1,10,10,1,1,1,10,10,1,1,10,1,1,1,10,10,318
4,10,1,1,1,10,10,10,10,10,1,1,1,1,10,10,1,1,10,10,10,1,1,10,10,10,10,10,10,1,1,1,1,10,10,10,10,10,10,10,10,10,10,10,10,10,1,1,1,10,10,1,1,1,1,1,1,1,345
5,1,1,10,10,10,10,10,10,10,10,10,1,1,1,1,1,1,10,10,10,10,10,10,10,10,10,10,10,10,10,10,1,1,1,1,1,1,1,1,1,1,1,1,1,1,10,10,10,10,10,10,10,10,10,10,10,10,372
6,1,10,1,10,1,10,1,10,10,1,10,1,10,1,10,1,10,1,1,1,10,10,1,1,10,1,10,1,10,10,1,1,1,1,10,1,10,1,10,10,1,10,1,1,10,1,10,10,10,1,10,10,1,10,1,1,10,309
7,10,1,10,1,10,1,10,10,1,10,1,10,1,10,10,1,10,1,10,1,10,1,10,1,1,10,1,10,1,10,1,10,10,1,10,1,10,1,1,0,10,10,1,10,10,1,10,1,10,1,10,1,10,1,1,10,1,317
8,10,10,1,10,1,10,10,10,10,1,10,1,1,1,1,1,10,10,10,10,10,1,10,10,10,10,1,10,10,10,1,1,1,10,10,10,10,1,1,10,1,10,10,1,10,10,10,1,10,1,1,10,1,10,10,10,10,381
9,1,10,10,10,0,8,0,8,8,10,10,10,10,10,10,8,8,8,8,10,10,8,8,8,10,10,0,8,0,8,8,8,10,10,8,0,8,10,10,10,10,10,10,8,8,10,0,0,10,8,10,10,10,10,8,0,0,431
10,10,1,10,1,1,10,1,1,10,1,10,1,10,10,10,1,1,10,1,10,10,1,10,1,10,1,10,10,10,1,10,1,1,10,1,1,10,1,10,1,10,1,10,1,1,10,10,10,1,10,1,1,10,1,1,10,1,309
11,1,1,1,1,1,1,10,10,10,1,1,1,1,1,1,1,1,1,1,1,1,1,1,1,1,1,1,1,1,1,1,1,10,10,10,10,10,10,10,0,10,10,10,10,10,10,10,10,10,10,1,1,1,10,10,10,10,272
12,10,0,8,10,10,0,0,10,8,10,8,10,0,0,10,8,10,8,10,0,8,0,8,10,0,0,10,8,10,8,10,0,0,10,0,8,10,0,8,8,10,0,0,10,0,8,0,8,10,8,10,8,8,10,8,10,8,362
13,0,10,10,1,10,10,10,10,10,10,10,1,1,1,1,1,1,1,10,10,10,10,10,10,1,10,1,10,10,1,1,10,10,1,10,10,10,1,1,10,1,1,1,10,1,1,1,10,10,1,1,1,1,1,1,10,10,317
14,1,1,1,1,10,10,10,1,1,10,10,1,10,1,10,1,10,10,1,1,1,10,10,10,1,1,10,10,10,10,1,10,10,1,1,10,10,10,10,10,1,1,10,10,10,10,10,1,1,1,10,10,1,1,1,1,1,327
15,1,1,1,1,1,1,10,1,10,10,10,10,10,1,1,1,1,1,1,10,1,1,1,1,1,10,1,10,1,1,1,10,10,10,10,10,10,1,1,1,1,10,1,10,10,1,1,10,10,10,10,1,1,1,1,1,10,264
16,10,8,10,8,10,8,10,10,8,10,8,10,8,10,0,8,10,0,0,10,0,8,10,8,10,8,10,0,0,10,8,10,8,10,0,8,10,8,10,0,8,10,8,10,8,10,8,10,8,10,8,10,0,8,10,8,10,436
17,10,1,10,1,10,10,10,10,10,10,10,1,10,10,10,10,1,1,10,10,1,10,1,10,10,10,10,10,10,10,10,1,1,1,10,10,10,1,1,10,1,1,10,10,10,1,10,1,1,1,10,10,1,10,10,1,10,390
18,10,1,10,10,10,10,1,10,10,1,10,1,10,1,10,1,10,1,10,10,1,1,10,1,10,1,10,1,1,10,10,1,10,10,1,10,1,10,1,10,1,1,1,10,10,10,1,10,10,10,10,1,10,1,10,10,1,354
19,1,1,10,10,1,1,10,10,1,10,1,10,10,1,10,1,10,1,1,10,1,10,1,10,1,1,10,1,10,1,1,10,1,10,1,10,10,10,10,1,10,1,10,10,1,10,1,10,1,10,1,10,1,1,10,10,1,318
20,10,10,1,10,1,1,10,10,1,10,10,1,10,10,1,1,1,1,1,1,1,1,1,1,10,1,10,1,1,10,10,10,1,1,10,1,1,1,1,10,10,10,10,1,1,1,0,10,10,1,1,1,1,10,10,10,10,281
21,1,10,10,1,10,1,10,1,1,10,1,10,1,1,10,1,1,10,10,10,1,10,1,1,1,1,10,1,1,1,10,1,10,1,10,1,1,10,10,1,10,10,1,10,1,1,1,1,1,10,1,1,10,10,10,10,10,291
22,10,1,1,1,1,10,1,10,10,10,1,10,1,10,1,10,1,10,10,10,1,1,10,10,1,10,1,10,1,10,1,1,10,1,10,1,10,1,10,1,1,10,1,10,10,1,10,10,1,10,1,10,1,10,1,10,1,318
23,0,10,8,10,8,10,10,10,0,0,10,8,10,8,10,8,10,8,10,8,10,8,10,8,10,0,8,10,0,0,10,8,8,10,10,0,8,10,8,10,0,0,10,0,0,10,8,0,0,10,0,0,10,8,10,0,8,376
24,10,1,10,1,10,10,1,1,10,1,1,1,10,10,1,1,10,1,10,1,10,1,1,1,10,1,1,1,10,1,1,10,1,10,1,10,1,10,10,10,1,10,10,10,1,10,10,1,10,10,1,10,1,10,1,10,10,318
25,0,10,1,1,1,1,1,1,1,1,1,1,1,1,10,1,1,10,10,10,10,1,1,1,1,1,1,1,1,1,1,1,1,1,1,1,1,1,1,1,1,10,10,10,10,10,10,10,10,10,10,10,10,10,10,10,10,254
26,10,0,0,10,10,8,10,0,0,10,8,10,8,10,8,10,8,10,10,0,8,10,10,0,8,10,0,8,0,0,10,0,0,10,8,10,8,10,0,0,10,8,10,0,0,10,8,10,0,0,10,8,10,0,8,0,0,342
27,10,1,10,1,10,1,10,1,10,1,10,1,10,1,10,1,10,1,10,1,10,1,10,10,1,10,1,1,10,1,10,1,1,10,1,10,1,10,1,10,1,10,1,10,1,10,1,10,1,10,1,10,1,10,1,10,1,309
28,1,1,10,10,10,10,10,10,1,1,1,1,1,1,1,1,1,10,10,1,1,1,1,1,1,1,1,1,1,1,1,1,10,1,1,1,1,1,1,10,10,1,1,1,10,10,1,1,1,10,10,10,10,10,10,1,1,228
29,1,1,1,1,1,1,1,1,1,1,1,1,1,1,1,1,1,1,1,1,1,1,1,1,1,1,1,1,1,1,1,1,1,1,1,1,1,1,1,1,1,1,1,1,1,1,1,1,1,1,1,1,1,1,1,1,1,57
30,10,8,10,8,10,0,8,10,8,10,8,10,8,10,8,10,8,10,0,8,0,0,10,0,0,10,8,8,10,8,10,0,8,10,0,8,10,8,10,0,8,10,0,0,10,8,10,8,10,0,0,10,0,8,10,8,10,390
31,0,10,8,0,8,0,8,0,8,8,8,10,10,10,10,10,8,0,8,0,8,8,8,8,10,0,0,10,10,10,10,8,10,10,10,10,10,8,8,10,10,10,10,10,10,10,0,8,8,0,0,10,10,10,0,0,10,406
32,10,10,1,1,10,1,1,1,1,1,10,1,1,1,1,10,1,1,1,10,10,1,10,10,10,10,10,10,10,1,10,1,1,1,10,1,1,10,10,1,1,10,10,10,10,1,10,10,10,1,1,1,10,10,1,1,1,300
33,10,1,1,10,1,10,1,10,10,1,10,1,10,1,10,1,10,10,1,10,1,10,1,10,1,10,1,10,10,10,1,10,10,1,1,10,1,10,1,10,1,10,1,10,1,10,1,1,10,1,10,1,1,10,1,10,1,318
34,1,10,1,10,1,1,1,1,10,1,1,1,10,10,1,10,1,1,10,1,10,1,10,10,10,1,1,1,10,10,1,10,1,10,10,10,10,1,1,1,1,1,1,1,10,0,10,1,1,1,1,10,10,1,1,1,10,263
35,1,10,10,10,10,10,10,1,1,1,10,1,1,1,10,10,10,1,10,10,10,1,1,10,1,1,1,10,10,10,1,10,10,10,10,10,10,10,10,10,1,10,10,10,1,10,10,1,1,1,1,1,1,10,10,10,10,372
36,1,1,1,1,1,1,1,1,1,10,10,10,10,10,10,10,10,10,10,10,10,10,10,10,10,0,0,10,10,8,0,0,10,10,10,10,10,10,0,8,0,8,8,0,8,10,10,10,10,10,8,10,10,8,10,10,10,405
37,10,1,10,10,10,10,10,1,10,10,10,1,10,10,10,1,10,10,1,1,1,10,10,10,10,1,10,10,10,10,1,1,1,1,1,1,1,1,10,10,10,1,1,1,1,1,1,10,10,1,1,10,10,1,1,1,1,318
38,1,10,10,8,0,8,10,8,10,8,8,10,0,0,10,8,10,0,8,10,0,0,10,0,0,10,0,8,10,0,8,10,10,0,8,10,8,10,10,0,0,10,8,10,0,8,10,0,8,10,0,0,10,8,10,8,10,359
39,10,10,10,10,1,1,1,1,1,1,1,10,10,10,10,10,1,10,10,10,10,10,10,10,10,10,1,1,1,1,1,10,10,10,10,10,10,10,10,10,10,10,1,1,1,10,10,10,10,10,1,10,10,10,10,10,10,417
40,10,0,8,10,8,10,8,10,0,8,10,8,10,8,10,8,10,0,0,10,8,10,8,10,0,8,10,8,10,8,10,0,0,10,8,10,8,10,8,10,8,10,8,10,0,8,10,8,10,0,0,10,10,0,0,10,8,410
41,1,1,1,1,1,1,1,1,1,1,10,1,1,1,1,10,1,1,1,1,1,1,1,1,1,1,1,1,1,1,1,1,1,1,1,1,1,1,10,10,10,10,10,10,10,0,10,10,10,10,10,10,10,10,10,10,10,236
42,1,1,1,1,1,1,1,1,1,1,1,1,1,1,1,1,1,1,1,1,1,10,10,10,10,10,10,10,10,10,10,10,10,10,10,10,10,10,1,1,1,1,1,1,1,1,1,1,1,1,1,1,1,1,1,1,1,210
43,10,1,10,1,1,10,1,10,1,1,10,10,1,10,1,10,1,10,1,1,10,1,1,1,10,10,10,1,10,1,1,1,10,1,10,10,1,10,10,1,10,10,1,1,10,1,1,10,1,10,1,10,1,10,1,10,1,300
44,1,1,1,1,1,1,1,1,10,10,10,10,10,10,1,10,10,10,10,10,10,10,10,10,10,10,10,10,10,10,1,1,10,10,10,1,1,10,10,10,10,10,10,10,10,10,1,1,1,1,1,1,1,1,10,10,10,381
45,1,1,1,1,10,10,10,10,10,10,10,10,10,10,10,10,10,10,10,10,10,10,10,10,10,10,10,1,1,1,1,1,1,1,1,1,1,1,10,10,10,10,10,10,10,1,1,10,10,1,1,10,10,10,10,1,1,381
46,10,1,10,1,10,1,10,1,10,1,0,10,1,10,1,10,1,10,1,10,1,10,1,10,1,10,1,10,1,1,10,1,10,1,10,1,10,10,1,10,1,10,1,1,1,10,1,10,1,10,1,10,1,10,1,10,1,299
47,10,10,1,10,1,1,10,1,10,1,10,1,10,10,1,10,10,1,10,1,10,1,10,1,10,1,10,1,1,1,10,1,1,1,10,1,10,1,1,10,1,10,1,10,1,1,10,1,10,1,10,1,10,1,10,1,0,290
48,10,10,1,10,10,1,1,10,0,10,10,1,10,10,1,1,1,10,10,10,1,10,10,1,10,10,10,1,10,10,10,1,10,10,1,10,1,10,10,1,10,10,10,1,10,1,1,1,10,10,1,10,10,10,1,10,1,371
49,0,10,1,1,10,10,10,1,10,10,1,10,1,10,1,10,10,10,1,10,1,1,1,10,10,1,1,1,10,1,1,10,10,10,1,10,1,10,10,10,1,10,10,1,10,1,10,1,1,10,10,10,10,1,1,1,10,335
50,0,10,1,1,1,10,1,10,1,1,10,10,1,1,10,10,1,1,10,1,10,1,1,10,10,1,10,10,1,1,10,1,10,1,10,1,1,10,1,10,10,10,1,10,1,10,1,10,1,1,1,10,1,10,1,10,10,299
51,1,10,0,8,10,10,8,10,10,8,10,10,10,8,0,0,10,8,10,8,8,10,10,8,10,8,0,0,10,8,10,0,8,10,0,0,10,8,10,8,0,8,10,0,8,10,10,0,8,8,0,8,10,8,10,8,10,401
52,1,1,1,1,1,1,1,1,10,10,10,10,10,10,10,10,10,10,10,10,10,0,0,10,10,10,8,0,8,8,8,10,10,10,10,10,10,10,10,10,10,10,10,10,0,8,8,0,8,8,8,10,10,10,10,10,10,430
53,10,8,8,10,8,8,10,10,10,8,0,8,10,10,10,8,8,8,10,8,10,0,8,10,0,8,8,10,8,8,10,0,0,10,10,8,10,8,10,10,8,10,10,8,0,8,10,10,8,10,8,8,8,0,0,10,8,440
54,1,10,10,10,10,10,10,1,1,1,10,1,10,1,10,10,10,1,10,10,1,1,1,10,1,1,10,10,10,10,1,10,1,10,10,10,10,10,10,10,10,10,1,10,10,10,10,1,10,10,10,10,10,10,10,10,1,417
55,10,10,10,10,10,10,1,1,10,10,10,1,10,10,10,10,10,10,10,1,1,1,1,1,1,1,1,1,10,10,10,10,10,10,10,10,1,10,1,1,1,10,1,1,1,10,10,10,1,10,10,10,10,10,1,1,1,363
56,1,1,1,1,10,1,10,1,10,1,10,1,1,1,1,1,1,10,10,10,10,1,1,10,1,1,10,1,1,10,10,10,10,10,10,10,10,10,1,1,1,10,10,10,1,10,10,1,1,1,1,10,10,1,1,1,1,291
57,0,10,10,1,1,10,1,1,0,10,1,10,1,10,10,10,1,1,1,10,1,1,10,1,1,1,10,1,1,10,1,10,1,10,1,10,10,1,10,10,10,1,1,10,1,10,1,10,1,10,10,1,1,1,10,10,1,289
58,10,1,10,1,10,1,10,1,0,10,1,10,1,10,1,10,1,10,1,10,1,10,1,10,1,10,1,10,1,1,10,1,1,1,10,1,10,1,10,1,10,1,10,1,10,10,1,10,1,10,1,10,1,10,1,10,1,299
59,10,1,10,10,10,1,1,10,10,1,10,1,10,1,10,1,10,1,10,1,10,1,10,1,10,10,1,1,10,1,10,10,1,10,1,1,1,10,1,10,10,1,1,1,1,10,1,10,1,1,10,10,1,1,10,10,1,309
60,10,10,8,10,8,0,0,10,8,10,8,0,8,8,10,0,8,10,10,10,10,0,0,10,10,10,10,0,8,0,0,10,8,0,0,10,8,8,10,0,0,10,8,10,10,0,8,10,8,8,10,10,0,8,0,8,10,376
61,1,0,10,1,10,1,10,1,0,10,1,10,1,10,1,10,1,10,1,10,1,10,1,10,1,10,1,10,1,10,1,10,1,10,1,10,1,10,1,1,10,1,10,1,10,1,10,1,10,1,10,1,10,1,10,1,10,298
62,1,0,0,0,0,6,0,8,0,0,0,0,0,0,0,0,0,0,0,6,0,8,8,0,0,0,0,0,6,0,0,0,0,0,0,0,0,0,6,0,0,0,0,0,6,8,0,0,0,0,0,0,0,0,0,6,8,77
63,1,4,0,0,4,6,6,4,4,6,0,0,4,0,0,4,4,4,6,0,0,4,4,4,4,6,4,4,0,0,4,4,4,4,0,0,4,6,0,0,4,0,6,4,6,0,0,4,0,0,4,0,6,0,0,4,4,155
64,1,1,1,0,0,0,8,8,0,0,0,0,8,8,6,6,8,8,0,0,8,8,8,8,0,6,0,8,6,8,8,8,6,0,0,8,0,0,0,8,6,0,0,0,8,0,0,8,0,0,8,0,0,8,8,0,6,213
65,1,2,8,2,8,8,2,0,0,2,8,2,8,2,8,2,0,8,8,2,8,2,0,8,2,8,2,0,8,2,8,2,2,0,0,2,2,0,8,2,8,0,8,2,8,2,0,8,2,0,0,2,8,0,8,2,8,213
66,1,2,0,6,2,2,0,0,2,2,0,6,2,2,0,0,2,0,0,2,6,2,0,0,2,0,0,2,6,2,0,0,2,0,0,2,0,0,2,0,0,2,2,0,6,2,0,0,2,0,0,2,0,6,2,6,2,89
67,1,1,0,0,6,0,0,0,0,0,0,0,6,0,0,6,0,0,0,0,0,0,0,0,0,0,0,0,0,6,2,2,2,0,0,0,0,0,0,6,2,6,2,6,2,0,0,0,6,2,0,0,0,0,0,0,0,64
68,1,1,1,6,8,0,6,0,0,6,6,0,0,6,0,8,8,0,0,0,0,0,0,6,0,0,0,0,0,6,0,6,8,0,8,0,0,0,0,0,0,6,8,0,0,6,0,0,6,0,6,8,0,0,0,0,6,137
69,1,2,0,6,6,2,0,0,2,2,2,6,2,2,2,0,6,0,6,0,0,2,2,2,2,2,2,2,2,0,0,2,2,2,6,0,0,2,2,0,0,2,0,6,6,2,2,0,0,2,6,6,2,2,0,0,2,117
70,1,0,0,6,6,0,6,6,0,6,2,2,0,0,0,0,0,0,0,0,0,0,0,6,0,0,6,0,6,2,2,6,2,2,2,0,0,0,6,0,0,0,0,0,0,6,2,2,2,2,2,2,2,0,6,0,0,101
71,1,1,6,4,0,0,0,0,0,0,0,0,0,0,6,0,0,0,0,6,4,4,0,0,6,0,6,0,0,6,0,0,0,0,0,0,0,6,6,4,4,4,0,0,0,0,6,4,0,0,0,0,0,6,4,6,0,100
72,2,0,6,6,2,2,2,6,0,6,0,0,2,2,2,2,0,0,2,6,0,0,2,0,0,2,2,2,2,6,6,2,2,0,0,2,2,2,0,0,2,0,6,0,6,6,0,6,6,0,0,2,0,0,2,0,0,116
73,8,0,8,8,0,0,8,0,0,8,6,0,6,0,8,0,0,8,8,0,0,0,8,0,0,0,0,8,0,0,0,8,8,0,0,8,6,0,0,0,0,8,0,0,8,0,0,0,8,6,8,0,0,8,8,0,0,176
74,2,2,2,2,2,2,2,0,0,0,8,0,8,8,8,8,2,2,2,2,2,8,8,2,2,8,8,0,0,8,0,8,8,0,0,8,8,8,0,0,8,8,8,0,8,8,2,2,2,2,2,2,2,2,2,2,2,210
75,0,0,0,0,0,0,0,6,0,0,0,6,6,4,0,6,4,4,4,6,4,0,0,6,0,6,4,4,0,0,6,4,0,0,6,4,4,0,0,0,0,0,0,0,0,0,0,0,0,6,4,0,0,0,0,0,0,104
76,8,8,2,8,2,2,0,0,0,8,2,8,0,8,2,2,0,0,8,8,2,8,8,8,8,2,2,8,2,8,2,8,0,0,0,8,2,8,8,2,0,8,8,8,2,8,0,8,2,0,0,8,2,2,8,8,2,244
77,2,2,2,2,2,4,0,0,4,0,6,0,0,4,0,6,0,0,4,6,4,0,0,4,4,4,4,4,6,0,0,4,4,0,0,4,0,0,4,4,4,0,0,4,0,0,4,0,0,4,0,0,4,4,4,4,4,130
78,6,0,0,0,6,0,6,0,0,0,6,4,0,6,4,0,0,0,0,0,0,0,0,0,0,0,6,6,0,0,0,0,0,0,0,0,0,0,0,0,0,0,0,0,0,0,0,0,0,6,0,0,0,0,6,0,6,68
79,0,0,8,8,0,0,8,8,8,0,0,0,8,8,6,6,0,6,6,8,0,0,8,0,6,0,0,0,8,0,0,0,8,0,0,8,8,8,0,0,0,0,8,8,8,0,0,8,8,0,0,8,0,0,8,0,0,198
80,2,2,2,0,0,0,0,6,0,0,6,0,0,6,6,8,0,0,0,6,0,0,6,8,8,8,0,0,0,0,0,0,0,0,0,0,6,0,6,0,0,0,0,0,6,0,0,6,8,8,0,0,0,0,6,8,6,134
81,0,0,0,0,0,6,6,4,0,6,4,0,6,0,6,4,4,0,0,0,0,6,4,4,0,0,6,0,0,0,0,0,0,0,6,4,4,0,6,0,0,0,0,0,0,0,0,0,0,0,6,0,6,4,4,0,0,106
82,2,2,2,2,2,0,8,8,8,8,8,8,8,8,0,0,0,8,8,8,8,0,8,0,8,0,0,8,8,8,0,0,8,0,8,0,8,8,2,2,2,2,2,2,2,2,2,2,2,2,2,2,2,2,2,2,8,222
83,6,2,2,2,2,2,2,2,0,0,2,0,0,2,0,6,2,6,0,0,2,2,2,0,0,2,2,2,2,2,2,2,2,0,0,2,2,2,2,2,2,2,2,2,0,6,0,0,2,0,0,2,2,2,2,2,2,98
84,6,8,6,0,0,0,6,8,0,0,0,6,6,8,0,0,0,0,0,6,8,0,0,0,0,0,6,0,8,0,0,0,0,6,8,0,0,0,6,8,0,0,0,6,8,0,8,0,0,0,0,0,0,0,0,0,6,138
85,2,6,2,0,0,2,0,0,2,6,2,0,0,2,0,6,2,0,0,2,2,0,0,2,6,2,0,6,2,0,0,2,0,0,2,6,2,2,2,6,2,0,0,2,0,0,2,0,0,2,2,0,0,2,0,0,2,90
86,2,2,2,0,6,6,6,2,2,0,0,2,2,0,6,0,0,2,2,0,0,2,0,0,2,0,6,6,0,0,2,0,6,0,0,2,2,2,6,2,2,2,2,0,0,2,2,0,0,2,2,2,2,2,2,2,2,106
87,0,6,4,0,6,4,0,6,4,0,6,4,0,0,0,0,6,4,0,0,0,0,0,0,0,0,0,6,4,0,0,6,4,0,0,0,0,0,6,4,0,0,0,0,6,4,6,4,4,6,4,0,0,0,0,0,6,120
88,6,0,0,6,0,8,6,8,0,0,0,0,0,0,6,8,0,0,0,0,0,0,0,0,6,0,6,0,8,6,8,0,0,0,6,0,0,0,6,0,0,0,0,0,0,0,6,0,8,0,6,0,6,0,0,0,0,120
89,2,2,2,0,0,0,0,0,6,0,0,0,0,0,0,6,6,5,0,0,0,6,0,0,6,6,5,5,5,5,0,0,0,0,6,5,5,0,0,0,0,0,0,6,0,0,0,6,0,0,0,0,0,0,0,0,0,95
90,2,0,6,4,0,6,4,0,0,0,0,6,4,0,0,0,0,0,0,0,0,0,0,6,4,0,0,0,0,0,0,6,4,0,0,0,0,0,0,6,4,0,0,0,0,0,0,6,4,0,0,0,6,4,0,0,0,82
91,2,2,8,8,8,6,8,0,6,8,0,0,0,8,0,0,0,8,6,0,0,8,6,8,0,8,6,0,0,0,0,8,0,0,8,0,0,0,0,0,0,8,0,0,0,0,0,8,0,0,8,0,0,0,0,0,0,154
92,2,2,4,4,4,0,0,4,4,4,4,6,6,0,6,0,0,4,0,0,4,0,6,0,0,4,4,4,4,4,4,6,4,0,0,4,4,4,0,6,0,0,4,0,0,4,4,4,4,0,0,4,4,4,0,0,4,152
93,8,0,6,8,0,0,8,0,0,8,8,6,6,6,8,6,0,8,0,0,8,8,0,0,0,8,0,0,8,6,0,0,8,8,0,0,8,0,0,0,0,8,0,0,0,8,0,0,0,0,8,0,0,0,8,8,0,188
94,0,0,2,2,0,0,2,0,0,2,6,2,2,0,0,2,0,0,2,6,0,0,2,2,2,0,0,2,2,0,6,0,0,2,2,2,0,6,2,0,6,2,0,6,2,0,0,2,0,6,2,2,6,2,0,0,2,96
95,0,6,4,4,0,6,0,0,6,4,4,0,0,0,0,6,0,0,6,4,4,4,4,6,0,0,0,0,6,6,4,4,4,4,4,4,4,4,4,0,6,0,0,6,0,0,0,0,0,0,0,0,0,0,0,0,0,128
96,2,6,2,2,2,0,6,2,0,0,2,2,2,2,0,0,2,0,0,2,0,6,2,2,0,0,2,0,0,2,0,6,2,0,6,2,0,0,2,0,0,2,6,2,0,0,2,0,0,2,0,0,2,0,0,2,6,90
97,4,2,4,4,2,4,2,4,2,4,2,4,2,2,4,2,4,2,4,2,2,4,2,4,2,4,2,4,2,4,2,2,4,2,4,2,4,2,4,2,4,4,2,4,2,4,2,4,2,2,2,2,4,2,4,2,4,168
98,2,0,0,2,0,0,2,0,0,2,6,2,6,2,0,6,2,0,0,2,6,2,0,0,2,6,2,2,6,2,0,0,2,0,0,2,6,0,0,2,6,2,6,2,0,0,2,6,2,0,0,2,0,0,2,0,0,104
99,2,2,2,0,0,6,0,0,0,0,0,0,6,0,0,0,0,6,0,6,0,0,0,6,4,0,0,0,0,0,0,6,0,0,0,0,0,0,6,0,0,0,0,0,0,0,0,0,0,0,0,0,6,0,6,0,6,70
100,4,2,4,2,4,4,4,2,4,2,4,2,2,4,4,2,2,2,4,2,4,2,4,2,4,2,4,4,4,2,2,2,2,4,4,2,4,2,2,2,4,2,2,4,2,4,4,2,4,2,4,2,4,2,2,4,2,168
101,0,0,0,0,0,0,0,0,0,0,0,0,0,6,2,0,6,6,2,2,2,0,0,0,0,6,2,2,2,2,6,0,0,0,6,2,0,0,0,0,0,0,0,0,0,0,0,0,0,0,0,0,0,0,0,6,2,62
102,2,2,2,2,2,2,2,2,2,2,2,2,2,2,2,2,2,2,2,2,2,2,0,0,2,2,2,2,2,2,2,2,2,2,2,2,2,2,2,2,2,0,8,0,8,8,8,8,0,8,8,8,8,0,0,2,2,154
103,4,2,2,4,2,2,2,4,2,4,2,4,2,4,2,2,2,2,4,2,2,2,4,2,2,2,2,2,2,4,4,2,4,4,4,2,2,4,2,2,2,4,2,4,4,4,2,2,2,2,4,4,2,4,2,4,2,158
104,2,2,2,4,2,2,2,2,2,2,2,2,2,2,2,2,2,2,2,2,2,2,2,2,2,2,2,2,2,4,4,4,4,4,4,4,4,4,4,4,4,4,4,4,4,2,2,2,2,2,2,2,4,4,4,4,4,158
105,2,6,0,0,0,6,0,6,0,6,0,6,5,0,0,0,0,6,5,0,0,0,0,0,0,6,0,6,0,0,0,0,0,6,0,0,6,5,6,0,0,0,0,6,0,0,6,5,5,0,0,0,6,5,0,0,0,116
106,2,6,2,0,0,2,0,0,2,2,2,0,0,2,2,2,2,2,2,0,0,2,2,2,0,0,2,2,0,6,0,0,2,0,0,2,2,2,0,0,2,0,0,2,2,2,2,2,2,0,6,0,0,2,0,6,2,84
107,0,0,6,8,0,6,0,0,6,8,0,0,6,8,0,0,0,0,0,0,0,6,0,0,0,0,0,6,0,0,0,0,0,0,6,0,0,0,0,0,6,0,0,0,0,0,6,0,0,0,0,0,0,0,0,6,6,90
108,6,0,0,0,0,0,0,0,6,0,0,6,6,4,4,6,0,0,0,0,0,0,6,4,6,0,0,0,0,0,0,0,0,0,0,0,0,6,4,4,4,0,0,0,6,0,6,0,6,4,0,0,6,4,0,0,0,104
109,6,2,6,2,2,0,6,2,0,0,2,2,0,0,2,0,0,2,6,2,6,2,6,2,6,2,6,2,6,2,0,0,2,0,0,2,0,0,2,0,6,2,0,0,2,6,2,2,0,0,2,0,0,2,0,0,2,114
110,2,2,0,6,0,6,2,2,2,0,0,2,2,2,2,2,0,0,2,2,2,2,2,2,2,2,2,2,0,6,6,0,0,2,0,0,2,2,2,0,0,2,2,2,0,0,2,2,2,2,2,2,6,0,0,2,2,100
111,2,2,2,2,2,2,2,2,2,2,2,2,2,0,0,0,0,6,0,0,0,0,0,0,0,6,6,0,0,0,0,0,0,0,0,0,0,0,0,0,6,2,2,2,2,2,2,2,2,2,2,2,2,2,6,2,2,86
112,0,0,2,6,2,0,0,2,0,0,2,2,2,0,0,2,0,6,2,2,2,2,2,0,0,2,2,0,0,2,2,0,0,2,2,2,2,0,0,2,0,0,2,2,2,2,0,6,0,0,2,0,6,2,0,6,0,84
113,0,6,2,0,0,2,0,6,2,0,0,2,0,0,2,0,0,2,2,0,0,2,2,0,6,2,0,0,2,2,0,0,2,0,0,2,0,0,2,0,6,2,0,0,2,2,0,0,2,2,6,2,0,0,2,0,6,80
114,0,0,6,2,2,2,2,2,0,0,6,6,0,0,0,0,0,6,0,0,0,0,0,0,0,6,0,0,0,0,0,0,6,2,2,0,6,0,6,0,0,0,0,0,0,0,0,0,0,0,0,0,0,0,6,0,0,68
115,0,8,0,0,8,8,6,0,8,0,0,8,0,8,6,6,8,0,0,8,8,6,0,8,8,0,0,8,8,8,0,6,0,0,8,6,8,8,8,0,0,8,0,6,0,0,0,8,0,8,6,0,8,6,6,8,0,244
116,2,2,2,2,2,2,2,2,6,0,6,0,6,0,0,2,2,2,2,2,2,2,2,2,2,2,2,2,2,2,2,2,2,2,2,0,6,0,0,2,2,2,2,2,2,2,2,2,2,2,2,2,2,2,2,2,2,116
117,2,2,0,8,8,0,0,8,8,8,0,8,0,8,0,0,8,8,0,8,0,0,8,8,8,0,8,8,8,0,0,8,8,8,8,8,0,0,0,8,6,8,8,0,8,8,8,8,0,0,8,0,8,8,8,0,8,274
118,2,2,2,2,2,2,2,2,2,2,2,2,2,2,2,2,2,2,2,2,2,2,2,2,2,2,2,2,2,2,2,2,2,2,2,2,2,2,2,2,2,2,2,2,2,2,2,2,2,2,0,0,0,6,0,6,0,112
119,8,2,0,0,8,2,8,2,8,2,8,2,8,2,0,0,0,8,2,8,2,0,8,2,8,2,0,8,8,2,2,8,2,0,8,2,0,0,8,2,2,8,8,2,8,2,0,0,8,2,8,2,0,0,8,2,0,210
120,6,4,0,0,0,6,4,0,0,0,6,4,0,0,0,0,6,0,0,6,4,4,0,0,6,4,4,6,4,4,0,0,0,0,0,6,4,4,0,6,4,6,0,6,4,6,6,4,6,4,6,4,6,0,0,0,0,160
121,2,2,0,0,0,0,0,0,0,0,0,6,0,0,6,0,0,0,0,0,0,0,0,0,6,6,2,0,0,0,6,2,2,0,0,0,0,0,0,0,6,0,0,0,0,0,0,0,0,0,0,0,6,0,0,0,0,52
122,2,2,2,2,2,2,4,2,4,4,2,4,2,4,2,4,2,4,2,4,2,4,4,4,4,2,4,2,4,2,4,2,4,2,2,4,2,4,2,4,2,4,2,4,2,4,4,2,4,2,4,2,4,2,2,4,4,170
123,2,2,2,2,2,0,8,0,8,8,8,8,0,0,2,2,2,2,2,2,2,0,0,2,2,8,2,8,8,0,0,2,8,2,0,0,2,2,0,8,8,2,8,2,0,0,2,2,2,8,8,2,2,0,0,2,2,168
124,2,2,6,6,4,4,0,0,6,4,4,4,4,4,0,0,0,0,0,0,0,0,0,0,6,0,0,0,0,0,0,6,0,0,0,0,6,6,4,4,4,4,6,4,0,0,6,0,0,0,0,0,0,0,6,0,0,112
125,6,0,0,2,2,2,2,2,2,2,2,2,2,2,2,0,6,0,0,2,2,6,0,0,2,0,0,2,2,2,2,2,2,2,2,6,0,0,2,0,0,2,6,0,0,2,2,0,0,2,0,6,0,0,2,6,0,100
126,2,2,2,2,2,2,2,2,2,2,2,2,2,2,2,2,2,2,2,2,2,2,2,2,2,2,2,2,2,2,2,2,2,2,2,2,2,2,2,2,2,2,2,2,2,2,2,2,2,2,2,2,2,2,2,2,2,114
127,2,2,2,4,4,4,4,4,4,4,4,4,4,4,4,4,4,4,2,4,4,4,4,2,4,4,4,2,2,2,4,4,2,2,4,4,4,2,2,2,2,2,2,2,4,4,4,4,4,4,4,2,2,2,2,2,4,184
128,0,0,0,0,6,6,6,6,0,0,0,0,0,6,0,6,0,0,0,0,0,0,0,0,0,6,0,0,0,0,0,0,0,6,8,0,0,0,0,6,6,0,0,0,0,0,0,0,0,0,0,6,0,0,0,6,0,80
129,0,6,8,6,8,6,8,0,6,0,0,0,6,0,0,0,6,8,0,0,0,0,6,0,8,0,0,0,6,8,6,8,0,0,0,0,0,0,0,6,0,8,0,6,8,6,8,8,6,0,0,6,0,0,0,6,0,178
130,8,0,0,8,8,8,0,8,8,8,0,8,0,8,8,0,8,0,0,8,0,6,6,0,8,0,8,0,0,0,8,8,0,8,0,0,0,0,0,0,0,8,0,8,0,0,8,8,0,0,8,0,0,8,8,0,8,212
131,2,2,8,8,6,8,8,8,8,8,0,8,0,0,8,8,6,0,8,8,0,0,8,8,0,8,0,0,8,0,6,0,0,0,0,8,0,0,8,0,8,8,8,8,0,8,8,8,6,0,0,8,8,0,0,0,8,252
132,0,8,0,0,8,0,6,8,0,6,0,8,0,6,8,0,6,8,0,0,0,8,0,6,8,0,0,8,0,6,0,0,8,0,0,0,8,0,0,8,0,0,8,0,0,8,0,6,0,8,6,0,0,8,0,0,0,176
133,8,8,0,0,8,0,8,8,8,8,8,8,0,0,0,0,8,8,0,0,8,8,8,0,0,8,8,8,6,0,6,0,8,6,0,8,6,0,8,6,0,8,0,8,0,0,8,0,0,0,8,8,0,6,0,6,0,242
134,0,0,6,5,0,0,0,6,5,0,0,0,0,0,6,5,0,0,0,6,0,0,0,6,6,5,5,5,0,0,0,0,0,0,6,6,0,0,0,0,0,0,0,0,0,0,0,0,6,5,5,6,0,6,0,0,0,106
135,0,0,6,5,6,5,5,6,6,0,0,0,0,0,6,5,5,5,5,0,0,0,0,0,0,6,0,0,0,6,6,6,5,6,6,5,0,6,5,5,5,0,0,0,0,0,0,0,0,0,0,0,0,0,6,0,0,138
136,0,0,8,0,0,0,8,6,8,0,0,8,6,8,6,0,6,0,0,8,0,0,0,0,8,0,0,0,0,0,0,8,0,0,8,0,0,8,0,0,8,0,6,8,0,0,8,0,0,8,0,0,8,0,0,8,8,166
137,2,6,6,0,0,0,6,0,6,6,0,0,6,0,0,0,0,6,0,0,0,0,0,0,0,0,6,0,0,0,0,0,0,0,0,0,6,0,0,0,6,0,6,6,0,6,0,0,6,0,0,0,0,0,0,0,0,86
138,8,0,6,8,0,0,8,0,0,8,0,0,0,0,8,0,0,8,0,0,0,8,0,0,8,0,0,0,0,8,0,0,0,8,6,8,0,0,8,0,0,8,0,0,0,8,0,8,0,0,0,0,0,8,0,0,0,140
139,0,6,0,6,5,6,5,6,5,0,0,0,0,6,0,0,6,5,0,6,5,5,5,0,0,0,0,0,0,0,0,6,5,6,5,0,6,5,6,5,5,5,5,0,0,0,6,0,0,6,5,5,5,6,0,0,0,169
140,3,3,3,0,6,0,0,0,0,6,0,6,0,0,6,6,6,0,0,0,0,0,6,5,0,6,5,5,5,5,6,5,5,5,0,6,6,0,6,0,0,0,0,6,0,0,0,0,0,0,0,6,6,0,0,0,6,145
141,3,3,3,3,3,3,3,3,3,3,3,3,3,3,3,3,3,3,3,6,6,0,6,6,0,0,0,0,0,0,0,6,0,0,0,0,0,0,0,0,0,6,0,0,0,0,0,0,0,0,6,0,0,0,0,0,0,99
142,3,3,3,0,8,6,6,0,6,0,0,0,8,0,0,8,0,8,0,0,8,8,0,8,8,0,0,0,8,8,0,8,8,8,0,8,0,0,8,8,8,0,0,0,8,0,8,8,8,0,6,8,0,8,8,8,0,233
143,0,6,3,0,0,0,0,0,0,0,0,0,0,0,0,0,0,0,0,0,0,0,0,0,0,0,6,6,0,0,0,0,0,0,0,0,0,0,0,0,6,0,0,6,0,0,0,6,0,0,6,3,3,3,3,3,0,60
144,6,6,3,3,3,0,6,6,3,3,0,0,0,0,0,0,0,0,0,0,0,0,0,0,0,0,0,0,0,0,0,6,3,6,0,0,6,3,0,0,0,0,0,6,3,3,0,0,6,0,0,0,0,0,0,6,6,93
145,6,8,8,0,8,0,6,0,8,0,0,0,0,0,0,0,0,0,0,0,6,0,8,0,0,0,0,6,8,0,0,0,6,8,8,0,0,0,6,0,8,8,0,6,8,0,6,0,0,0,6,8,0,0,0,0,0,150
146,3,0,0,0,6,0,0,6,0,0,0,0,0,6,4,4,4,4,4,4,4,0,0,0,6,0,0,0,6,0,0,0,6,6,0,0,0,0,0,0,0,0,0,0,0,0,0,6,6,4,4,4,4,4,0,6,4,115
147,3,3,3,3,3,3,3,3,3,3,3,3,3,3,3,3,3,3,3,3,3,3,3,3,3,3,3,3,3,3,3,3,0,0,0,0,0,0,6,0,0,0,0,6,0,6,0,6,0,6,6,0,0,6,0,0,0,138
148,6,3,6,3,6,3,0,0,0,0,6,3,0,0,0,6,0,0,0,0,0,0,0,0,0,0,6,3,6,6,0,0,6,0,0,0,0,6,3,6,3,0,0,0,0,6,3,3,0,0,0,0,0,0,0,0,0,99
149,8,0,6,6,6,0,8,8,0,0,0,8,8,8,8,8,6,0,6,0,0,8,8,0,0,8,8,0,0,0,8,6,6,6,0,6,0,6,0,0,0,8,0,0,8,8,0,8,8,8,0,6,0,8,8,0,8,242
150,6,3,0,0,0,0,0,0,0,0,0,0,0,6,3,0,0,6,0,0,0,0,0,6,3,0,6,3,6,3,0,0,0,0,0,0,0,0,0,6,3,6,3,0,0,0,0,0,0,0,0,6,3,0,0,6,3,87
151,3,3,3,3,3,3,3,3,3,3,3,3,3,3,3,3,0,8,8,6,0,0,8,0,0,0,8,8,8,8,8,8,0,6,6,6,0,0,0,8,8,8,0,0,8,8,0,8,8,8,0,8,0,0,0,0,8,224
152,3,3,0,6,0,0,6,0,6,6,0,0,0,6,0,0,6,0,0,0,0,6,0,0,0,0,0,0,0,0,6,6,0,0,0,0,6,3,3,3,3,3,3,3,3,3,3,3,3,3,0,0,6,0,0,6,0,117
153,6,3,0,0,0,0,6,3,0,6,3,0,0,0,0,6,3,0,0,6,3,6,3,0,6,3,0,0,0,0,6,3,0,0,0,0,0,0,0,0,0,6,3,0,0,0,0,0,0,0,0,6,3,0,0,0,0,90
154,3,3,3,3,3,3,6,0,6,0,0,0,0,0,0,0,0,0,0,0,0,0,0,0,0,6,0,0,0,0,0,0,0,6,0,0,0,0,0,0,0,0,0,0,6,0,0,6,0,0,0,0,6,0,0,0,0,60
155,6,0,0,0,0,0,0,0,0,0,6,5,5,6,5,0,6,5,5,0,0,0,6,6,5,6,5,0,0,6,0,0,0,0,0,0,6,6,5,5,5,0,0,0,0,0,6,0,0,0,0,0,0,0,0,0,0,116
156,6,3,0,6,0,0,0,0,6,3,3,0,0,0,0,6,3,0,0,0,0,6,0,0,0,0,6,6,3,3,3,6,3,0,0,0,0,0,6,3,0,0,0,0,0,6,3,0,0,0,6,3,0,6,0,6,3,114
157,3,3,0,0,0,0,0,0,0,6,6,0,0,0,6,0,0,0,0,0,6,0,0,0,0,0,0,0,0,0,0,6,0,6,3,3,3,0,0,6,3,3,3,0,0,0,0,0,0,6,6,0,0,6,3,6,6,99
158,3,3,3,3,0,0,6,3,3,3,3,0,0,6,0,0,0,6,0,0,6,0,0,0,0,0,0,0,0,0,0,0,0,0,0,0,6,0,0,6,6,6,0,0,0,0,0,0,0,0,0,6,0,0,0,0,0,78
159,3,3,3,3,3,3,3,3,8,0,0,8,0,6,8,0,0,0,8,0,8,0,0,0,0,0,0,0,0,8,0,0,8,0,0,0,0,8,0,0,8,0,0,8,0,6,8,0,8,6,8,0,0,0,8,8,0,162
160,6,8,0,0,0,6,0,0,0,0,0,0,0,0,0,0,6,8,8,6,0,0,6,0,8,0,0,0,0,6,0,0,0,0,0,0,6,0,8,0,0,0,6,8,8,0,0,0,0,0,0,6,6,6,8,8,8,146
161,3,3,3,3,3,3,3,3,3,3,3,3,3,3,3,3,3,3,3,3,3,3,3,3,3,3,3,3,3,3,3,3,3,3,3,3,3,3,3,3,3,3,3,3,3,3,3,3,3,3,3,3,3,3,3,3,3,171
162,3,3,3,3,3,3,3,3,3,3,3,3,3,3,3,3,3,3,3,3,3,3,3,3,3,3,3,3,0,0,0,6,0,6,6,0,0,6,0,6,0,0,0,0,0,0,0,0,6,0,0,6,0,6,0,0,0,132
163,6,5,0,0,0,0,0,0,6,0,0,0,0,0,0,0,0,0,0,0,0,0,6,5,0,0,0,0,0,6,5,0,0,0,0,6,5,6,5,6,5,0,0,0,0,0,6,6,6,5,0,0,0,0,6,5,0,106
164,3,3,3,3,3,3,3,3,3,3,3,3,3,3,3,3,3,3,3,3,3,3,3,3,3,3,3,3,3,3,3,3,3,3,3,3,3,3,3,3,3,3,3,3,3,3,3,3,3,3,3,3,3,3,3,3,3,171
165,3,0,0,0,0,0,0,6,3,3,3,3,6,3,3,3,3,0,6,6,3,6,3,3,0,0,6,3,3,0,0,0,0,6,3,3,0,6,3,6,3,0,0,0,0,0,0,0,0,0,0,0,6,0,0,0,0,114
166,3,3,0,0,0,0,0,6,3,3,0,0,0,0,6,0,0,0,0,0,0,0,0,0,0,0,0,6,3,3,0,6,3,3,0,0,0,0,6,6,0,0,0,0,0,0,0,0,0,0,0,0,0,0,6,3,3,72
167,6,0,8,0,6,8,0,0,0,0,6,8,0,6,0,0,6,8,0,0,6,8,8,8,0,0,0,0,0,0,0,6,8,0,8,0,0,0,6,0,0,6,0,0,6,0,0,0,6,0,0,0,0,0,0,0,0,138
168,6,8,8,0,0,0,0,0,6,0,8,0,8,0,8,0,0,0,0,0,0,0,0,0,0,6,0,0,6,8,0,0,0,0,0,0,6,8,0,0,0,0,0,6,0,8,8,8,0,8,0,0,0,6,0,6,0,136
169,3,8,0,6,0,0,8,0,0,8,8,0,0,8,6,0,6,8,0,0,8,8,8,6,0,0,8,8,0,0,8,8,0,0,0,8,0,0,0,8,8,6,0,6,0,0,8,8,8,0,0,8,0,6,8,8,0,221
170,6,0,0,0,6,8,0,0,0,0,0,0,6,8,0,0,0,0,0,0,0,6,8,0,0,6,8,6,0,0,0,0,0,6,6,8,6,0,8,0,0,0,0,0,0,6,0,0,0,0,6,8,0,6,0,0,0,128
171,3,3,3,0,0,6,0,0,0,0,0,0,6,0,0,0,0,0,6,0,0,0,0,0,0,0,0,6,8,0,8,0,8,0,8,8,8,8,8,0,0,0,0,0,0,0,6,0,6,6,0,0,0,0,0,0,6,121
172,3,0,6,0,6,6,5,5,5,5,5,0,0,0,6,0,0,0,0,0,6,0,0,0,0,6,0,6,0,0,6,0,0,0,0,0,0,6,0,0,0,0,0,0,0,0,0,0,0,0,6,0,6,0,0,6,5,105
173,0,6,3,6,0,6,0,0,6,0,0,6,3,0,0,0,0,6,6,0,6,3,0,0,0,0,0,0,0,6,3,3,0,0,0,0,0,0,6,0,0,0,0,0,0,0,6,3,3,0,0,0,0,6,0,0,0,93
174,3,3,3,3,3,3,3,3,3,3,3,3,3,3,3,3,3,3,3,3,3,3,3,3,3,3,3,3,3,3,3,3,3,3,3,3,3,3,3,8,0,8,0,8,0,0,0,0,0,8,0,0,0,0,0,0,0,149
175,3,0,0,0,0,0,0,0,0,0,6,0,0,0,0,0,0,0,0,0,0,0,0,6,8,8,8,8,8,8,0,0,0,6,0,6,6,0,6,8,8,8,0,0,0,6,6,8,0,0,0,6,8,0,0,0,0,145
176,3,3,0,6,0,6,0,0,0,0,0,0,6,5,5,5,6,5,5,5,5,5,6,5,6,0,0,0,0,6,0,6,5,0,0,6,0,0,0,0,0,6,5,0,0,0,0,0,0,0,0,0,0,0,0,0,0,121
177,6,0,0,0,0,0,0,0,6,0,0,0,6,0,0,6,0,0,0,0,0,6,0,6,3,3,3,3,0,0,0,0,6,6,6,3,3,3,3,3,3,3,3,3,3,3,3,3,3,3,6,0,6,0,0,0,0,123
178,3,3,3,3,3,3,3,3,3,0,6,0,6,6,5,0,0,0,6,0,0,6,0,0,6,0,0,0,0,0,6,0,6,5,5,5,0,0,0,0,0,0,0,0,0,6,0,0,0,0,0,6,0,0,0,0,0,107
179,3,0,6,5,5,5,5,5,5,5,5,0,0,0,6,6,5,0,0,0,6,6,0,0,0,6,0,6,0,0,6,0,6,6,5,5,5,5,0,0,0,0,0,0,0,0,0,0,0,6,0,0,0,0,0,0,0,134
180,3,3,8,0,0,0,8,8,6,0,0,8,8,0,8,8,0,8,8,0,0,0,0,8,8,8,8,6,8,8,0,8,0,8,0,8,8,8,0,0,0,0,0,0,8,0,8,8,8,8,8,8,0,0,8,8,0,250
181,3,0,0,0,6,3,3,3,3,3,3,3,3,3,3,3,3,6,3,3,3,3,0,6,3,0,6,0,0,0,0,0,0,0,0,0,6,3,0,0,6,3,3,3,0,0,6,3,3,3,0,0,6,3,0,6,0,132
182,8,0,0,0,8,8,6,8,6,0,0,8,0,0,8,0,0,8,0,0,8,0,0,8,6,8,0,0,8,6,8,0,6,8,0,0,8,0,0,8,6,8,8,6,0,0,8,0,0,8,0,0,8,0,0,8,6,216
183,8,0,0,0,8,6,0,8,6,8,0,0,8,0,0,0,8,0,0,8,0,0,8,6,0,8,0,0,0,8,0,6,8,0,0,0,8,0,6,8,0,0,8,0,0,0,0,8,0,0,8,0,0,8,6,0,8,180
184,3,0,0,0,6,6,5,6,0,0,6,5,0,0,0,0,0,0,0,0,6,5,0,0,0,6,6,5,0,0,0,0,0,0,0,6,5,6,5,0,0,0,6,5,5,6,5,0,0,0,0,0,6,5,0,0,6,131
185,3,3,3,6,6,0,0,0,0,0,0,0,0,0,6,0,0,0,6,0,0,0,0,6,3,3,3,3,3,3,3,6,0,0,0,0,0,0,6,3,3,0,6,0,0,0,0,0,0,6,0,0,0,0,0,6,0,96
186,8,8,0,6,0,8,0,0,8,0,6,8,0,0,8,0,0,0,0,8,0,6,0,8,0,0,8,6,0,8,6,8,6,0,6,0,0,8,0,8,0,0,0,0,0,8,0,8,0,6,8,0,0,8,8,0,0,192
187,3,8,8,8,0,8,6,6,0,0,8,0,0,8,0,8,0,8,0,8,8,8,8,0,0,0,8,0,0,8,0,8,0,0,0,0,8,8,8,8,8,0,0,8,0,6,0,0,8,0,0,0,8,0,0,8,0,213
188,0,0,0,6,0,6,0,0,6,0,0,6,5,0,0,0,0,0,0,0,6,5,0,0,0,0,0,0,0,0,6,5,5,5,0,0,0,0,6,5,6,0,6,5,5,5,0,6,5,0,0,0,0,0,0,0,6,116
189,3,3,3,3,6,0,0,0,0,0,0,0,6,6,3,3,3,3,0,0,0,0,0,6,6,0,0,0,6,3,3,3,3,0,6,6,0,0,0,0,0,0,0,6,3,0,0,6,0,6,6,0,6,0,0,6,0,123
190,8,6,0,0,0,8,0,0,0,8,8,0,6,0,0,0,8,0,0,8,0,0,8,0,0,0,8,0,8,6,8,0,0,0,8,0,0,8,8,0,0,0,0,0,8,8,0,0,0,0,0,8,6,8,0,0,8,168
191,0,0,0,6,0,0,0,0,0,6,5,5,5,0,0,6,5,0,0,0,0,0,6,0,0,0,6,5,0,0,6,5,5,5,5,5,0,0,0,0,6,5,5,0,0,0,0,0,6,6,5,5,5,5,6,5,0,145
192,0,0,0,0,6,0,6,0,0,6,0,0,0,0,0,6,0,0,0,6,0,0,6,6,0,0,0,0,0,6,0,0,6,0,6,0,0,0,0,0,0,0,6,3,0,6,0,0,0,6,3,3,3,3,3,0,0,96
193,6,3,0,6,0,0,0,0,0,0,0,0,6,3,3,0,6,3,3,0,0,0,0,0,0,0,0,0,6,3,0,6,0,0,0,0,0,0,0,6,3,3,0,6,3,3,3,6,0,0,0,6,0,6,3,3,3,108
194,0,0,0,0,6,5,0,0,6,5,0,0,0,0,0,6,0,0,6,5,5,6,0,6,5,6,0,6,0,0,0,6,5,5,0,0,0,0,6,5,0,6,5,0,0,0,6,0,0,0,6,5,0,0,0,0,6,134
195,3,3,3,3,3,0,6,6,0,0,6,0,6,0,0,0,0,0,0,0,6,6,0,0,6,6,0,0,0,6,0,0,0,0,6,0,0,0,0,0,6,6,6,0,6,5,5,5,5,5,0,0,0,6,0,6,0,136
196,0,8,0,0,8,6,8,0,0,8,6,8,0,0,8,6,0,0,8,6,8,6,0,0,0,0,8,0,6,8,0,0,0,8,0,0,8,0,0,0,0,8,6,0,8,8,6,0,8,0,0,8,0,6,8,0,0,198
197,3,0,0,6,0,8,8,0,0,0,0,6,0,0,0,6,0,0,0,0,6,0,0,6,0,8,0,0,0,0,0,0,0,0,0,0,6,0,8,0,6,8,6,0,0,6,8,0,0,0,0,0,0,0,0,0,0,105
198,3,3,3,3,3,3,3,3,3,0,0,0,6,0,0,0,0,0,0,0,0,0,0,0,0,6,0,0,0,0,6,0,0,6,0,0,0,0,0,0,0,0,0,0,0,0,0,6,0,0,0,6,0,0,6,0,6,75
199,3,3,3,3,3,3,3,3,3,3,3,3,3,3,3,3,3,3,3,3,3,3,3,3,3,3,3,3,3,3,3,3,3,3,3,3,3,3,3,3,3,3,3,3,3,3,3,3,3,3,3,3,3,3,3,3,3,171
200,6,0,0,6,0,0,0,0,0,6,6,6,0,0,0,0,0,0,0,0,0,6,0,6,6,5,0,0,0,6,0,0,0,0,0,0,0,6,5,0,0,0,0,6,5,0,0,0,0,6,5,5,5,5,0,0,0,107
201,4,0,6,0,0,4,0,6,4,4,4,4,4,6,0,6,4,4,0,0,4,4,0,0,4,4,0,0,4,4,0,0,4,4,0,0,4,6,0,6,4,0,0,4,0,0,4,0,0,4,4,4,0,0,4,0,0,136
202,6,6,0,6,0,0,0,0,0,0,0,0,6,0,0,0,0,6,0,6,5,6,5,5,0,0,6,0,6,5,0,0,6,0,0,0,0,6,0,6,6,6,5,5,0,0,0,0,6,0,0,0,0,0,6,5,0,131
203,3,3,3,3,3,3,3,3,3,3,3,3,3,3,0,6,5,5,5,5,5,5,5,5,5,5,5,5,5,5,5,5,5,5,5,5,0,0,0,0,0,0,6,0,0,0,6,6,0,0,0,6,0,0,0,0,6,178
204,3,3,3,3,3,3,3,3,3,3,3,3,3,3,3,3,3,3,3,3,4,4,4,4,4,4,4,4,4,4,4,4,4,4,4,4,4,4,4,4,4,4,4,4,4,4,0,0,4,4,4,4,4,4,4,4,4,200
205,4,4,4,4,4,4,4,4,4,4,4,4,4,4,4,4,4,4,4,4,4,4,4,4,4,4,4,4,4,0,0,4,4,4,4,4,4,4,4,4,4,4,4,0,0,4,4,4,4,4,4,4,4,0,6,6,6,214
206,0,6,0,6,0,0,4,0,6,4,4,0,0,4,4,4,4,4,0,0,4,4,4,0,0,4,0,0,4,0,0,4,4,0,6,6,4,4,4,0,0,4,4,6,6,0,0,4,0,6,4,0,0,4,0,0,4,144
207,4,4,6,5,6,0,0,6,0,0,6,6,0,6,6,6,0,0,0,0,0,6,5,5,5,5,5,5,5,5,0,0,0,0,0,0,0,6,5,5,5,5,5,5,5,5,5,5,5,5,5,0,0,0,6,0,6,190
208,0,6,5,0,0,6,6,0,6,5,0,0,0,0,0,0,0,0,6,5,0,6,0,0,6,6,5,5,5,5,5,5,5,5,5,5,6,6,0,0,0,0,0,0,6,6,0,6,0,0,6,5,5,5,5,0,0,169
209,4,4,4,4,4,4,4,0,0,0,0,0,0,6,6,0,0,6,6,0,0,0,0,6,5,0,0,6,6,0,0,0,0,6,5,0,0,0,0,0,0,0,0,0,6,0,0,6,0,6,0,0,0,0,6,6,0,116
210,0,0,6,4,0,0,0,0,0,0,0,6,4,0,6,0,0,0,0,6,4,0,0,6,6,4,0,0,0,6,4,0,6,6,4,0,6,4,0,6,4,0,0,0,0,0,0,0,0,6,0,0,0,0,6,0,0,110
211,0,0,6,4,0,6,0,6,4,4,4,0,0,0,0,6,4,6,6,4,0,0,6,4,0,6,0,0,0,0,6,0,0,0,0,0,0,0,6,4,0,0,0,0,0,0,6,4,4,0,0,0,6,4,6,4,0,126
212,4,4,0,0,0,0,0,6,0,6,0,6,0,6,6,5,5,5,5,6,0,0,0,6,5,5,5,0,6,6,0,0,6,5,0,0,0,6,0,0,0,0,0,0,0,6,5,5,5,5,5,5,0,0,0,6,0,156
213,6,5,6,5,0,6,5,6,5,6,5,0,6,5,0,0,0,6,5,0,0,0,0,0,6,5,0,0,0,6,5,0,0,0,6,5,0,0,0,6,5,0,6,5,0,0,6,5,5,0,0,0,0,0,0,0,0,148
214,6,4,4,0,0,0,0,0,0,0,6,4,4,6,4,0,0,0,0,0,0,0,6,4,4,0,6,4,4,6,4,0,6,4,0,0,0,0,0,0,0,0,0,0,0,6,4,6,4,0,0,6,4,0,6,4,4,130
215,0,0,4,0,0,4,6,4,6,4,6,4,6,4,6,4,0,0,4,6,4,0,6,0,0,4,6,4,0,6,4,0,6,4,0,0,4,6,4,0,0,4,0,0,4,0,0,4,0,0,4,6,4,0,0,4,0,156
216,4,0,0,6,0,6,3,0,0,0,0,0,0,0,0,0,0,0,0,0,0,6,3,0,0,0,0,0,0,0,0,0,0,6,3,0,0,0,0,0,6,3,0,0,0,0,0,0,0,0,0,0,0,6,3,3,0,58
217,4,0,6,4,0,0,4,0,0,4,6,4,4,0,0,4,0,0,4,0,6,0,6,4,0,0,4,4,0,0,4,0,0,4,0,0,4,4,0,0,4,0,0,4,4,6,4,6,4,4,4,0,0,4,4,4,0,136
218,6,0,0,0,0,6,5,0,0,0,6,5,5,0,6,5,6,0,6,0,0,6,5,0,0,0,0,6,5,5,6,5,0,0,6,5,0,0,0,6,0,0,0,6,0,0,6,5,0,0,0,6,5,0,6,5,5,155
219,0,6,5,0,0,0,0,0,6,0,6,0,0,0,0,0,0,6,5,5,5,6,5,0,6,5,5,0,0,0,0,0,0,0,0,6,5,0,0,6,0,6,5,0,0,0,0,0,0,0,6,5,5,5,6,5,5,136
220,4,4,0,0,4,0,0,4,6,0,0,4,4,4,4,0,0,4,4,4,0,6,0,0,4,4,0,0,4,6,4,0,0,4,4,4,4,4,4,0,6,0,0,4,4,0,0,4,4,4,4,0,0,4,4,4,4,148
221,6,0,6,5,0,0,0,0,0,6,5,0,6,0,0,0,0,0,0,6,6,6,5,5,5,0,6,0,0,6,0,6,0,0,0,0,0,0,0,0,6,5,0,0,0,6,5,5,5,5,6,5,0,6,5,0,0,144
222,4,0,0,0,0,0,6,5,0,0,0,0,0,6,5,6,5,5,5,0,6,5,5,6,6,5,0,6,5,6,6,5,0,6,5,6,5,5,5,6,5,0,0,0,0,0,0,0,6,5,0,0,0,6,5,0,0,173
223,4,4,4,4,0,0,0,0,0,0,0,6,0,6,4,0,0,0,0,0,6,0,0,0,6,4,0,0,0,0,0,6,4,4,4,0,0,0,0,0,0,6,0,0,0,0,6,0,6,4,0,0,0,6,0,0,6,100
224,4,4,4,4,4,4,4,4,4,4,4,0,0,4,4,4,4,4,6,6,0,0,4,4,4,4,4,6,6,4,4,4,4,4,4,4,4,4,4,4,6,0,0,4,4,4,4,4,4,4,4,4,4,4,4,4,4,214
225,4,4,4,4,4,4,4,4,4,4,4,4,4,4,4,4,4,4,4,4,4,4,4,4,4,4,4,4,4,4,4,4,6,4,4,4,4,4,4,4,4,4,4,4,4,4,0,0,0,0,6,0,0,0,0,0,0,192
226,4,4,0,0,6,0,0,0,0,0,0,0,0,0,0,0,0,0,6,5,6,5,5,5,6,0,0,0,0,0,0,0,6,0,0,0,0,0,0,0,0,0,0,0,0,0,0,0,0,0,0,0,0,6,5,5,5,79
227,0,0,6,0,0,0,6,4,6,4,4,4,0,0,6,4,0,0,0,0,0,0,0,0,6,0,0,0,6,4,4,0,0,0,0,0,0,0,0,0,0,0,0,6,0,0,0,0,6,4,4,4,0,0,0,0,0,88
228,4,4,4,4,4,4,4,4,6,0,6,6,6,0,6,0,0,0,6,4,6,0,0,0,0,0,0,0,6,6,0,0,0,6,6,0,0,0,6,6,0,0,0,0,6,0,0,0,0,0,6,0,0,0,0,6,6,138
229,0,0,6,0,0,0,6,0,6,4,4,4,0,0,0,0,6,0,0,6,0,6,0,0,0,0,0,0,0,0,0,0,0,0,0,6,0,6,0,0,0,0,6,4,0,0,0,6,4,6,0,0,0,0,6,0,0,92
230,4,0,0,6,4,0,0,0,0,6,4,0,0,0,0,0,0,0,6,4,6,4,6,4,0,0,0,0,0,0,0,0,0,6,4,0,0,0,6,4,0,0,0,6,4,6,4,0,0,0,0,0,0,0,6,4,0,104
231,4,4,4,0,0,4,4,4,4,0,6,4,0,0,4,4,4,6,0,6,0,0,4,0,6,0,0,4,4,4,4,0,0,4,4,4,4,0,6,0,6,0,0,4,4,6,4,0,0,4,4,4,6,0,0,4,0,156
232,0,6,4,4,0,0,4,0,0,4,4,0,0,4,4,6,0,0,4,6,4,4,0,0,4,4,4,0,0,4,4,4,4,0,6,4,0,0,4,4,4,0,0,4,4,4,4,4,0,0,4,4,4,4,0,0,4,148
233,0,0,4,4,4,4,4,4,4,4,4,4,4,4,4,4,4,4,4,4,4,4,6,0,0,4,0,0,4,4,6,0,0,4,4,4,4,4,4,4,4,4,4,4,4,4,0,6,0,0,4,4,4,4,4,4,6,192
234,0,0,6,0,0,0,6,3,6,3,6,3,0,6,0,6,3,0,0,6,3,0,0,6,3,3,0,0,6,3,0,6,3,0,0,0,0,0,0,0,0,0,0,0,0,0,0,6,3,0,6,3,6,3,6,3,0,123
235,6,0,0,0,0,6,4,0,6,4,0,0,0,0,0,0,0,0,0,0,0,6,4,0,0,0,0,0,0,0,0,6,0,0,0,6,4,4,0,0,0,0,0,6,4,6,4,0,0,0,6,4,0,6,4,4,0,100
236,4,4,4,4,6,0,6,6,6,0,0,0,6,0,0,0,0,6,0,0,0,0,0,6,0,0,0,0,6,0,0,6,4,4,0,6,4,4,0,6,0,0,0,0,0,0,6,0,0,6,6,0,0,0,0,0,0,116
237,4,4,4,0,0,0,0,0,0,6,0,6,0,0,0,0,0,0,6,5,5,5,0,0,0,0,0,0,0,0,0,0,0,0,0,6,0,0,6,0,6,5,0,0,0,0,0,0,0,0,0,0,0,0,6,0,0,74
238,4,4,4,4,0,0,4,6,4,0,0,4,0,0,4,0,0,4,6,4,4,6,4,4,4,4,0,0,4,0,0,4,0,0,4,4,6,4,4,4,0,0,4,0,0,4,4,0,0,4,4,6,0,0,4,0,0,142
239,6,5,5,5,5,5,6,5,5,5,5,5,0,0,0,6,0,0,0,0,0,0,0,0,6,0,0,6,5,5,5,5,5,5,5,5,5,5,5,5,5,5,5,5,5,5,5,0,0,0,0,0,0,0,0,6,0,181
240,4,4,4,4,4,4,4,4,4,4,4,4,4,4,4,4,4,4,4,4,4,4,4,4,4,4,4,4,4,4,4,4,4,4,4,4,4,4,4,4,4,4,4,4,4,4,4,4,4,4,4,4,4,4,4,4,4,228
241,6,4,0,0,0,6,0,0,0,0,0,0,0,0,6,4,0,0,0,0,6,0,6,4,4,0,0,0,6,4,6,4,4,6,4,4,6,4,0,0,0,0,0,0,6,4,0,0,0,6,4,4,0,0,0,6,0,124
242,0,6,4,0,6,4,6,6,4,0,6,4,0,0,0,0,6,4,0,0,6,4,0,0,6,4,0,0,6,4,0,0,0,0,0,6,0,0,0,6,4,0,6,4,0,0,6,4,0,0,0,0,0,0,0,0,0,122
243,0,6,4,6,4,4,6,4,0,0,0,0,0,0,0,6,4,0,0,0,0,0,0,0,0,0,6,4,0,0,6,4,0,0,0,0,0,0,0,0,0,6,4,0,6,0,0,0,6,4,6,4,0,0,0,0,0,100
244,4,6,0,0,0,0,0,6,5,5,0,0,6,5,5,5,5,5,6,5,0,0,0,6,5,5,0,0,0,0,0,0,0,6,5,5,0,0,0,0,0,0,6,0,0,0,0,0,0,0,0,0,0,0,0,0,0,106
245,6,5,6,5,0,0,0,0,0,0,0,0,6,6,5,0,0,6,5,5,0,0,6,5,0,0,6,0,6,6,5,0,0,0,0,0,0,0,0,6,5,0,6,5,0,6,5,0,6,5,0,0,6,5,0,0,6,150
246,0,0,6,5,0,6,5,0,0,6,5,0,0,0,0,6,5,0,0,0,0,0,0,0,6,5,0,0,6,5,6,5,6,5,0,0,0,6,5,6,5,0,0,0,0,6,5,0,6,5,0,0,0,6,5,0,6,149
247,6,5,0,0,0,0,0,6,5,0,6,5,5,0,0,0,6,5,0,0,0,0,6,5,6,0,6,5,0,0,0,0,0,6,5,6,5,0,6,5,0,6,5,0,0,0,0,0,0,0,6,0,6,5,0,0,0,138
248,0,0,0,0,0,0,0,0,0,6,4,0,0,0,0,0,6,6,4,6,0,0,0,0,0,6,0,0,6,4,6,4,0,0,0,0,0,0,0,0,0,0,0,6,4,0,0,6,4,0,6,4,6,4,0,0,6,104
249,4,4,4,4,4,0,6,0,0,4,4,0,0,4,6,4,6,6,0,0,4,4,4,6,0,0,4,4,4,4,4,6,0,0,4,6,4,4,4,4,6,6,0,6,6,4,0,6,0,0,4,4,4,4,4,0,0,184
250,4,4,4,4,4,4,4,4,4,4,4,4,4,4,4,4,0,6,6,0,0,0,0,0,0,0,0,0,6,0,0,0,0,0,6,6,0,6,0,0,0,0,6,0,6,0,0,0,0,6,0,6,0,0,6,0,0,130
251,4,4,0,0,0,0,6,3,0,0,0,0,0,0,6,3,0,0,0,0,0,0,0,0,0,6,6,3,0,0,0,0,0,0,0,6,0,0,0,0,0,0,0,0,0,0,0,0,6,0,0,0,0,0,0,6,6,65
252,4,0,0,0,0,6,6,0,0,0,0,6,0,0,0,0,0,6,6,6,0,0,0,0,0,0,0,0,0,0,0,0,0,0,0,6,0,0,0,0,6,0,6,0,0,0,0,0,0,0,6,0,0,0,0,0,6,70
253,4,4,0,6,0,0,0,0,0,0,0,0,0,0,0,0,0,0,0,0,0,0,0,0,0,0,0,6,0,0,0,0,0,0,6,0,0,0,0,0,0,0,0,0,0,0,6,0,0,0,0,0,6,0,0,0,0,38
254,0,0,4,4,0,6,4,4,0,0,4,0,0,4,4,6,4,0,0,4,6,4,0,0,4,0,0,4,6,6,4,4,0,0,4,4,4,0,6,4,6,4,0,0,4,4,6,0,0,4,0,0,4,6,0,6,4,156
255,6,5,0,0,0,0,0,0,0,0,0,0,0,0,0,0,0,0,6,5,6,5,0,0,0,0,0,0,6,5,6,5,0,0,0,0,6,5,0,0,0,0,6,5,0,0,6,5,6,5,0,0,0,0,0,0,0,99
256,6,4,0,0,4,4,0,6,4,0,0,4,0,0,4,6,4,4,0,0,4,0,0,4,0,0,4,0,0,4,0,6,4,4,0,6,4,6,0,6,4,0,0,4,0,0,4,0,6,4,0,6,6,4,0,0,4,144
257,4,4,0,0,0,0,0,0,6,0,0,0,0,0,0,0,6,0,6,0,0,0,6,6,5,6,6,0,0,0,0,0,0,0,0,0,0,0,0,0,0,0,0,6,0,0,0,0,6,0,0,6,5,5,6,6,0,95
258,4,6,5,0,0,6,5,0,0,0,0,6,5,5,0,6,0,6,5,0,0,0,0,6,5,0,0,0,6,5,0,0,0,0,0,0,0,0,0,0,0,0,0,0,0,0,0,0,0,0,0,0,0,0,6,5,6,98
259,0,0,4,0,6,4,0,0,4,0,0,4,0,0,4,0,0,4,0,6,0,0,4,0,0,4,0,0,4,6,4,0,0,4,0,0,4,0,0,4,0,0,4,6,4,0,0,4,0,6,4,0,0,4,0,0,4,106
260,0,6,4,0,6,4,4,4,0,0,4,6,4,6,0,0,4,4,6,4,4,0,6,4,0,0,4,0,6,4,0,6,4,4,0,0,4,6,4,4,4,6,4,0,6,4,0,0,4,4,6,4,0,0,4,6,0,178
261,0,0,6,0,0,0,0,6,4,4,4,0,0,6,0,0,0,0,0,6,4,6,0,6,0,6,6,6,4,4,0,0,0,6,0,0,6,0,0,0,6,0,6,4,0,6,4,4,4,4,4,4,0,0,0,0,0,136
262,6,5,5,5,5,5,5,5,5,5,5,6,0,0,0,0,6,0,0,0,0,0,0,0,0,0,0,0,0,0,0,6,0,6,0,0,0,6,6,0,0,0,6,0,0,0,0,0,0,6,0,0,0,0,0,0,0,104
263,6,4,0,6,4,4,0,0,4,0,6,4,4,0,0,4,0,0,4,4,0,0,4,0,0,4,4,4,6,4,4,0,0,4,0,0,4,0,0,4,4,0,0,4,6,4,0,0,4,4,4,4,0,0,4,0,0,134
264,4,4,4,4,0,0,6,0,0,0,6,4,4,4,4,4,0,0,6,0,0,0,0,0,0,0,0,0,0,6,4,4,0,0,0,0,0,0,0,6,0,0,0,0,0,6,0,0,0,0,6,0,0,0,0,0,0,86
265,4,0,0,0,0,0,0,6,4,0,6,0,0,0,6,4,4,6,6,6,6,6,4,4,4,4,4,4,4,0,0,0,0,0,0,0,0,6,0,0,0,0,0,6,0,0,0,0,0,6,6,0,6,4,4,4,4,138
266,6,4,0,6,4,0,0,0,6,4,6,0,0,0,0,0,0,0,6,4,4,6,6,4,4,4,4,4,0,0,6,0,0,0,0,0,6,4,0,0,0,0,0,0,0,0,0,6,0,0,0,6,0,0,0,0,6,116
267,6,5,5,6,0,0,0,6,5,0,0,6,0,6,5,6,0,0,0,0,6,0,0,0,0,6,5,5,5,5,5,5,5,6,0,0,6,5,5,6,0,0,0,0,0,0,0,6,0,0,0,0,0,0,0,0,0,137
268,4,4,0,6,5,5,5,5,5,5,5,5,5,0,0,0,6,5,5,5,5,5,0,0,0,6,5,0,0,0,0,0,0,0,0,0,0,6,0,0,0,0,0,0,0,0,0,6,0,0,0,6,6,5,0,0,0,130
269,4,6,4,0,0,6,0,0,0,6,4,4,4,4,0,0,0,0,6,6,0,0,0,0,0,0,0,0,0,0,0,0,6,0,0,0,0,0,0,6,6,6,0,0,0,0,0,0,0,0,0,0,6,6,0,0,6,96
270,0,6,6,6,8,0,0,0,0,6,8,0,0,6,0,0,0,6,0,0,0,6,0,8,0,0,0,6,0,0,0,6,0,0,0,0,0,6,0,0,0,6,0,0,0,6,0,6,0,6,8,0,0,6,6,0,0,128
271,0,6,8,0,6,6,6,8,0,6,8,0,0,0,6,0,8,8,0,0,0,0,6,8,0,0,0,0,0,0,0,0,0,0,6,0,6,0,0,6,0,0,0,0,0,0,6,8,0,0,0,0,6,0,8,0,8,144
272,4,0,0,0,6,5,5,5,5,5,0,0,6,0,0,0,0,6,5,0,0,6,0,0,6,6,6,5,5,5,5,5,5,0,0,0,6,0,0,0,6,0,6,6,0,0,6,0,0,0,0,0,6,6,0,6,0,154
273,4,4,4,4,4,4,4,4,4,4,4,4,4,4,4,0,0,0,0,0,0,0,0,0,0,0,0,0,0,0,0,6,6,0,0,6,0,8,8,0,0,0,0,0,6,8,8,0,0,0,0,0,0,0,0,6,0,122
274,4,4,4,4,0,6,6,6,0,0,0,0,6,3,3,3,0,0,0,0,0,0,0,0,6,3,3,3,3,3,0,0,0,0,0,0,0,0,0,0,0,0,0,0,0,6,0,0,0,0,6,3,3,6,6,0,0,100
275,4,6,5,0,0,0,0,0,0,0,0,0,0,0,0,6,5,0,0,0,6,5,5,0,6,5,6,5,0,0,6,5,6,5,0,0,0,0,0,0,0,0,0,0,6,5,0,0,0,6,5,0,0,0,0,0,6,114
276,0,6,5,5,6,5,0,0,0,0,0,0,0,0,0,0,6,5,6,5,6,6,5,0,0,6,5,5,0,0,6,5,5,0,0,0,0,0,0,0,0,6,5,0,0,0,0,0,0,0,0,0,0,0,0,0,0,109
277,5,5,5,5,5,5,5,0,0,0,6,8,8,8,8,8,0,0,0,0,6,6,0,0,0,0,0,6,8,0,0,6,0,6,0,0,0,0,6,0,0,6,0,6,0,6,0,0,0,0,0,6,0,0,0,0,0,149
278,5,5,5,0,0,0,6,5,5,0,6,0,0,0,0,0,0,6,5,6,0,6,5,5,5,6,5,0,0,0,6,0,6,5,0,6,0,0,6,0,0,0,6,0,0,0,6,5,5,6,0,0,6,0,0,0,0,149
279,8,8,0,6,0,0,0,0,8,0,0,0,0,8,0,8,8,8,8,6,0,0,0,8,8,0,0,0,0,8,0,6,6,8,6,8,0,0,8,0,0,0,0,8,0,0,0,0,0,0,8,8,0,8,8,0,6,188
280,6,5,6,5,0,0,0,0,0,6,5,6,5,6,5,0,0,6,5,0,0,0,0,0,0,0,0,6,5,0,0,0,6,0,0,6,5,6,5,0,0,0,0,0,0,0,6,5,0,0,0,6,5,0,0,0,0,127
281,5,6,3,3,3,6,3,0,0,0,0,0,0,6,0,0,0,0,0,0,0,0,0,6,0,6,3,0,0,0,0,0,0,0,0,0,0,6,0,6,0,0,0,0,0,0,0,0,0,0,0,6,3,3,3,3,3,83
282,6,5,0,0,6,5,0,6,5,0,0,0,6,5,5,5,0,6,5,0,0,0,0,6,5,0,0,0,6,5,0,0,0,0,0,0,0,0,6,5,0,0,6,5,0,0,0,0,0,0,6,5,0,0,0,0,0,120
283,0,0,0,0,0,6,0,0,0,0,6,8,0,0,0,0,0,6,0,0,0,0,0,6,0,0,6,6,6,0,0,0,0,0,6,8,6,8,0,0,0,0,6,0,8,0,0,0,0,0,0,0,0,0,0,0,0,92
284,0,0,0,0,6,0,0,6,5,5,0,0,0,0,6,5,0,6,5,6,5,0,0,0,0,0,0,0,0,0,0,0,0,6,6,5,0,0,6,5,0,0,0,6,0,0,0,6,5,0,0,0,6,0,6,5,5,122
285,0,0,6,6,0,0,0,6,3,6,3,0,0,0,6,0,0,0,6,3,0,0,6,6,0,6,0,0,0,0,6,3,3,3,6,3,3,0,0,0,6,0,0,0,0,0,6,0,0,0,0,0,0,6,6,0,6,120
286,8,8,0,0,8,0,0,8,8,8,0,0,8,6,0,0,8,0,0,8,0,8,0,0,0,8,8,0,0,0,8,0,0,8,0,8,0,8,0,8,0,0,0,0,8,0,0,8,0,0,0,0,8,0,0,0,0,166
287,5,5,5,5,5,5,5,0,0,6,0,0,6,0,0,6,0,0,0,0,0,0,6,0,0,6,0,0,6,0,0,0,6,0,6,0,0,0,0,6,0,0,0,0,0,0,6,6,6,0,0,6,6,0,0,0,6,125
288,5,5,0,0,0,0,0,6,0,0,0,6,6,0,0,0,0,0,0,0,0,0,0,6,0,6,0,0,0,0,6,0,0,6,6,0,0,0,6,6,6,0,0,0,6,6,6,0,0,6,6,0,0,0,0,6,3,115
289,0,0,6,8,0,0,6,0,8,0,0,0,0,0,0,0,6,0,8,0,0,0,0,6,8,0,0,0,0,0,6,0,0,6,0,8,6,0,0,0,0,0,6,8,0,0,0,0,0,0,0,6,8,0,0,0,0,110
290,8,0,0,8,0,0,0,8,0,6,0,8,0,0,8,8,0,0,8,0,6,0,8,0,0,0,8,0,6,0,8,0,0,0,8,0,0,0,0,0,0,8,0,0,0,8,8,0,0,0,0,0,8,0,0,8,0,146
291,5,5,0,0,0,0,0,6,5,5,5,5,0,6,5,6,6,6,0,6,5,5,0,0,0,0,0,0,0,0,0,0,6,6,5,5,0,0,0,0,0,6,5,6,0,0,0,6,0,0,0,0,0,6,0,6,0,138
292,5,0,0,6,0,6,0,0,0,0,0,0,0,0,6,5,5,5,5,0,0,6,0,0,0,6,0,0,0,0,0,0,0,0,0,6,0,0,0,0,0,0,0,0,0,0,6,6,0,6,0,6,0,0,6,0,0,91
293,0,0,0,0,0,0,0,0,0,0,0,0,6,5,0,0,6,5,0,0,0,0,0,0,0,6,0,0,6,0,0,0,0,0,0,6,5,0,0,0,0,6,0,6,5,0,0,0,0,0,6,5,5,0,0,6,5,89
294,5,6,5,5,5,5,5,5,5,6,5,5,5,5,5,5,6,6,0,6,0,0,6,0,0,0,6,0,0,0,0,0,0,0,0,0,0,0,0,0,6,5,5,5,0,0,0,0,0,0,0,6,5,0,0,0,0,144
295,0,0,6,5,0,0,0,0,0,0,0,0,0,0,0,0,6,5,0,0,0,0,0,0,0,0,0,6,5,0,0,6,5,0,0,6,5,6,5,0,6,5,5,0,0,6,5,0,6,5,0,0,6,5,0,0,0,115
296,5,5,0,0,0,6,5,5,6,0,0,0,0,0,6,0,0,0,6,0,0,0,6,0,0,0,0,0,0,0,0,0,0,6,0,0,6,0,0,0,0,0,0,0,0,6,0,6,0,0,0,0,0,6,5,5,5,95
297,5,6,0,0,0,0,0,0,6,0,6,0,0,0,6,0,0,6,6,5,5,0,0,0,0,6,0,0,6,0,0,6,6,6,6,0,0,6,0,6,0,0,0,0,0,0,0,6,0,0,0,6,0,0,0,0,0,111
298,6,0,0,0,0,0,0,0,0,6,3,0,0,6,3,0,6,3,0,6,3,0,0,0,0,0,0,6,3,6,3,0,0,0,0,6,3,3,0,0,0,0,0,0,0,6,3,0,0,6,3,0,0,6,3,0,0,99
299,0,0,0,0,0,0,6,5,0,0,6,5,0,6,5,5,0,6,5,5,5,5,5,5,5,0,6,5,5,0,0,0,0,0,0,0,0,0,0,6,0,0,0,0,6,5,6,5,5,5,0,0,0,0,0,0,6,139
300,5,5,5,5,5,5,5,5,5,5,5,5,5,5,5,5,5,5,5,5,5,5,5,5,5,5,5,5,5,5,5,5,5,5,5,5,5,5,5,5,5,5,5,5,5,5,5,5,5,5,5,5,5,5,5,5,5,285
301,5,5,0,0,0,0,6,5,5,5,5,5,5,5,5,5,0,0,6,0,0,0,0,0,0,6,6,0,0,0,0,0,0,0,0,0,6,0,0,6,6,0,6,0,0,6,5,5,5,5,5,5,5,5,5,5,5,164
302,5,5,0,0,0,0,6,8,6,0,6,8,0,0,0,0,0,0,0,0,0,0,0,0,0,0,0,0,0,6,0,6,0,0,0,6,0,6,0,0,0,6,0,0,0,0,0,0,0,6,0,0,0,0,0,0,0,80
303,0,0,0,0,0,0,6,3,0,0,0,6,3,0,0,6,3,0,0,0,0,0,0,0,0,0,0,6,3,0,6,3,0,0,0,0,6,3,0,6,3,0,0,0,6,3,0,0,0,0,0,0,6,3,0,0,0,81
304,0,6,5,0,0,0,0,0,6,5,0,6,5,0,6,5,0,0,0,0,0,0,0,0,0,0,6,5,0,0,6,5,0,0,0,0,0,0,0,0,0,0,0,6,0,6,5,0,0,0,0,6,5,0,6,5,6,111
305,5,5,5,5,5,5,5,5,5,5,5,6,5,6,5,0,6,0,0,0,0,0,6,0,0,0,0,6,6,6,6,5,5,0,0,0,6,0,6,6,5,5,5,5,5,5,5,0,0,0,0,0,6,0,0,0,0,182
306,0,6,0,0,6,5,5,5,0,0,0,0,0,0,0,6,5,0,0,0,0,0,6,6,5,5,0,0,0,0,0,0,0,0,0,0,0,6,6,0,0,6,0,0,0,6,5,0,6,6,0,0,0,0,6,5,0,112
307,0,0,0,6,3,3,0,0,6,0,0,0,6,3,0,0,0,0,0,0,0,0,6,3,0,6,3,0,0,0,0,0,6,3,0,0,6,0,0,0,0,0,0,6,0,0,0,0,6,3,3,0,0,6,3,3,0,90
308,5,0,0,0,0,0,0,0,0,6,0,6,6,0,0,0,0,6,0,0,0,0,0,0,0,0,0,0,0,0,0,0,0,0,0,6,3,3,3,0,0,0,6,0,0,0,0,0,0,0,6,3,3,3,0,0,0,65
309,5,5,6,5,6,0,0,0,0,0,0,6,6,6,6,0,0,0,0,6,6,5,5,5,0,0,0,0,0,0,0,6,6,0,6,5,5,5,5,5,5,6,0,0,0,0,0,0,0,0,6,5,5,0,0,0,0,148
310,0,0,0,0,6,5,5,0,0,6,6,0,0,6,0,0,0,0,6,0,6,0,0,0,0,0,0,0,0,0,6,6,0,0,0,0,0,0,0,0,0,0,0,0,6,0,0,0,0,6,0,0,0,6,0,0,6,82
311,0,6,3,0,0,0,0,0,0,6,0,0,0,0,6,0,6,3,3,0,0,6,6,3,3,3,3,6,3,0,0,0,6,0,0,0,0,0,0,0,6,0,6,0,6,0,0,0,0,0,0,6,3,0,6,3,0,108
312,5,5,8,0,6,8,8,0,0,8,0,8,0,0,8,8,0,0,8,0,8,8,0,0,0,8,6,0,0,0,8,0,0,8,0,0,0,8,0,0,8,0,0,8,0,0,0,0,8,0,0,8,0,8,0,6,0,180
313,6,5,5,5,5,0,0,6,5,0,0,0,0,0,6,0,0,0,0,0,6,6,0,0,6,0,0,6,5,5,0,6,6,0,0,0,0,0,0,6,0,6,0,0,0,6,0,0,0,0,0,0,6,5,5,0,0,123
314,5,6,0,0,0,0,0,0,0,0,6,5,0,6,5,0,0,0,0,0,0,6,6,0,6,5,6,0,0,0,6,0,6,0,0,0,0,0,0,6,5,5,0,0,0,6,5,0,6,5,5,6,5,6,5,6,5,150
315,0,0,0,0,6,0,6,0,0,6,0,0,6,6,0,0,0,0,0,6,6,0,0,6,0,0,0,6,0,6,0,6,0,6,6,0,0,0,0,0,0,0,0,0,0,0,0,0,0,0,0,6,4,4,4,4,4,104
316,0,0,0,0,0,0,0,0,6,0,0,0,0,0,6,5,5,0,0,0,6,6,5,0,0,0,0,6,0,0,0,0,0,6,6,5,5,5,6,5,5,5,5,5,5,0,0,0,0,6,0,0,0,0,6,0,6,126
317,6,5,6,0,0,0,0,0,0,6,5,6,5,0,0,6,5,5,0,0,0,0,0,0,6,5,0,0,0,0,6,5,6,5,0,0,0,0,0,0,0,0,0,0,0,0,6,5,0,6,5,0,0,0,6,5,0,121
318,5,5,5,5,5,5,5,5,5,5,5,5,5,5,5,0,0,6,0,0,0,0,6,0,6,3,3,3,3,3,3,3,3,3,3,3,3,3,3,3,3,3,3,3,3,3,3,3,0,0,0,0,6,0,0,6,0,174
319,5,5,0,0,0,0,6,0,0,6,0,0,0,0,6,0,0,0,0,0,0,0,0,0,6,5,5,5,5,5,5,6,0,0,0,0,0,0,0,0,0,0,0,0,0,0,0,0,0,6,6,5,5,0,6,0,0,98
320,6,0,0,0,6,4,0,0,6,4,0,0,0,0,0,0,0,0,6,0,0,0,0,0,0,0,0,0,6,4,6,4,0,6,0,6,4,0,0,6,4,6,0,6,4,0,0,0,6,0,6,4,6,4,0,6,4,130
321,5,5,5,5,5,5,5,5,0,6,5,5,5,5,5,5,5,6,0,0,6,0,0,0,6,0,0,0,0,0,0,0,0,0,0,0,0,0,0,0,0,0,0,0,0,0,6,0,0,6,5,5,5,5,5,5,5,146
322,5,6,5,6,5,5,0,0,0,6,5,6,5,0,6,5,6,5,0,0,6,5,0,0,0,6,5,6,5,0,6,5,0,0,6,5,0,0,0,0,0,0,0,0,0,6,5,0,0,0,6,6,5,0,0,6,5,170
323,5,5,0,0,0,0,0,6,0,0,6,3,3,0,0,0,6,3,3,3,0,6,3,0,0,0,6,3,0,0,0,0,0,0,0,0,0,0,6,3,6,3,6,6,0,6,0,0,6,3,0,0,6,3,0,6,0,121
324,5,5,5,5,0,0,0,0,6,0,0,0,0,0,0,0,0,6,0,0,0,0,0,0,0,0,0,6,5,5,5,5,6,5,5,0,0,6,5,0,0,0,6,0,0,0,0,0,0,6,5,5,5,5,5,0,0,122
325,0,0,6,6,0,6,0,6,0,6,0,0,0,0,0,0,0,0,0,0,0,0,0,6,0,0,0,0,0,0,0,0,0,0,6,0,0,0,0,0,0,0,6,0,0,0,0,6,5,0,6,5,5,0,0,0,6,81
326,6,0,0,6,0,0,0,0,0,0,0,0,6,5,5,0,6,5,0,6,5,5,0,6,5,0,0,0,6,0,0,6,5,5,0,6,5,0,0,0,0,0,6,5,5,5,5,0,0,0,0,0,0,0,6,0,6,137
327,5,5,5,5,5,5,5,5,5,5,5,5,5,0,0,0,0,0,6,6,0,0,0,0,0,0,6,0,0,6,6,0,0,0,0,6,0,0,0,0,6,6,0,0,0,0,0,6,6,6,5,5,5,5,5,5,5,166
328,5,5,5,5,6,0,0,0,0,0,6,0,0,0,0,6,0,0,0,0,0,0,0,0,0,0,0,0,6,0,0,0,0,0,0,6,5,6,5,5,5,0,0,6,6,0,0,0,0,0,6,0,6,5,5,5,0,115
329,0,6,5,5,0,0,6,0,6,6,0,6,0,6,6,0,0,0,0,0,0,0,0,0,0,0,0,0,0,0,0,0,0,0,0,6,0,0,0,6,5,5,0,0,0,6,6,0,6,5,5,5,5,0,0,0,0,112
330,6,4,6,4,0,0,0,0,0,6,6,6,4,4,0,0,0,0,0,0,0,0,6,4,4,0,0,6,4,4,6,0,0,0,0,0,0,6,0,0,0,0,0,0,0,0,6,4,0,0,0,0,6,4,0,6,4,116
331,5,6,0,0,0,0,0,0,0,6,0,8,8,6,0,8,6,0,8,0,6,0,0,6,8,0,0,0,0,0,0,6,8,0,6,8,0,0,0,0,0,0,0,0,6,0,0,0,0,0,0,0,0,6,0,8,0,129
332,5,0,0,0,8,0,0,0,8,0,0,8,0,0,8,6,0,0,8,0,0,8,0,0,8,6,8,0,0,8,0,0,8,0,0,8,0,0,0,0,0,0,8,0,0,0,8,0,0,0,8,0,0,0,0,8,0,137
333,8,0,0,8,8,0,8,6,8,8,8,0,0,0,0,8,0,0,0,8,8,0,0,8,0,0,0,0,8,8,0,8,0,0,0,8,0,0,8,0,0,0,8,0,0,0,8,0,0,0,8,0,0,0,0,8,0,166
334,5,0,0,0,0,0,0,0,0,6,0,0,0,0,0,0,0,0,6,8,0,6,8,0,0,0,6,0,0,0,6,0,8,0,0,0,0,6,8,8,0,0,0,0,0,0,0,0,0,0,0,0,0,6,0,0,6,93
335,6,0,6,5,0,0,0,0,0,0,6,6,5,0,0,0,6,0,0,0,0,6,5,0,0,0,6,5,0,0,6,0,6,5,6,6,5,0,0,0,0,0,0,0,0,0,6,5,5,5,0,6,6,0,0,0,0,129
336,6,6,6,5,5,0,0,0,6,5,5,0,0,6,5,5,5,5,6,0,6,0,0,0,6,0,0,0,0,6,5,0,6,0,0,0,0,0,6,5,5,0,6,5,0,0,0,0,6,5,5,6,0,0,0,0,6,160
337,5,5,6,0,0,6,8,0,0,0,0,0,0,0,0,0,0,0,0,0,0,0,0,0,0,0,6,8,0,0,0,0,6,8,8,0,6,0,8,6,0,8,0,6,0,0,0,0,0,0,0,6,8,0,0,0,6,120
338,5,5,5,5,5,5,5,0,6,0,0,0,0,0,0,0,0,0,0,0,0,0,0,0,6,0,6,0,0,0,6,0,0,0,0,0,0,0,0,0,0,6,6,6,0,0,0,0,0,0,6,0,0,6,6,0,0,95
339,6,5,5,5,5,5,5,5,0,6,6,0,0,0,0,0,0,6,0,0,0,0,6,0,6,0,0,0,0,0,0,0,0,6,0,0,0,0,6,0,0,0,0,0,0,0,0,6,5,5,0,0,6,0,0,0,0,105
340,5,0,0,0,0,0,0,6,6,0,0,0,0,0,0,0,0,0,0,0,0,0,0,0,0,6,3,3,3,0,0,0,0,0,0,0,0,0,0,0,6,6,0,0,0,0,0,0,0,0,0,0,0,6,6,0,0,56
341,5,5,5,5,5,0,8,8,0,0,8,0,6,0,0,8,0,0,0,8,8,8,8,8,0,0,0,8,8,8,0,0,8,0,6,0,0,8,0,8,0,0,8,6,6,8,0,0,8,8,8,8,0,0,8,0,8,233
342,5,5,5,8,6,8,8,0,0,8,0,8,8,0,0,8,0,0,8,0,6,6,0,0,0,8,8,6,0,0,8,8,8,8,8,0,0,8,8,8,0,0,0,0,0,0,8,0,6,0,0,8,8,6,0,8,8,235
343,0,6,3,6,0,0,0,0,0,6,3,0,6,3,0,0,0,0,0,0,0,0,0,6,0,0,0,0,0,0,6,0,6,3,0,0,6,0,0,0,6,3,6,6,3,0,0,0,0,0,0,6,3,0,6,3,6,108
344,5,5,5,0,6,8,8,8,0,8,8,0,0,0,0,0,0,6,0,6,0,6,0,0,0,0,6,0,6,0,0,0,0,0,0,6,0,0,0,6,0,0,0,0,0,0,0,0,0,6,8,0,8,0,0,0,6,131
345,5,5,5,5,6,6,0,0,0,0,0,0,0,0,0,0,6,0,0,0,6,6,6,0,8,0,0,0,6,6,0,0,0,6,8,0,0,6,8,8,0,0,0,0,0,0,0,0,0,6,0,6,0,0,0,0,0,124
346,0,6,0,6,3,3,0,0,0,6,6,6,0,0,0,0,0,0,0,0,0,0,0,0,0,0,0,0,0,6,0,6,3,3,0,0,0,0,0,0,0,0,0,0,0,0,0,0,0,0,0,0,0,0,0,6,0,60
347,5,0,0,0,0,0,0,0,6,0,0,6,0,6,0,0,0,6,0,0,0,0,6,5,5,0,0,0,0,0,0,0,0,6,0,6,0,6,0,0,0,6,6,0,0,0,0,6,5,5,0,6,0,6,0,0,6,109
348,5,5,0,0,0,0,6,5,5,6,5,0,6,0,0,6,5,5,0,0,0,0,0,6,0,0,6,0,0,0,0,0,0,0,0,6,5,6,6,5,0,0,0,0,6,5,5,0,0,0,6,0,0,0,6,0,0,127
349,5,5,5,5,5,0,0,0,0,0,0,0,0,0,0,0,0,0,6,0,0,0,0,6,5,5,5,5,5,5,5,5,5,5,5,5,5,5,5,0,6,0,0,0,0,6,0,6,0,0,0,0,0,0,0,0,0,130
350,5,5,5,5,5,0,6,6,0,0,0,0,0,0,0,0,0,0,0,0,6,6,0,0,0,0,0,6,0,6,0,0,6,3,3,3,3,3,3,3,3,0,6,0,6,6,0,0,0,6,0,0,6,0,0,0,6,127
351,5,5,5,5,5,5,6,0,0,0,0,0,0,0,6,0,0,0,0,0,6,0,0,0,0,0,6,0,0,6,0,0,0,0,0,0,6,0,0,6,0,0,0,0,0,0,0,0,0,6,0,0,0,6,0,0,0,84
352,0,6,3,6,3,0,0,0,0,0,0,0,6,0,0,6,3,3,3,6,3,3,3,3,0,6,3,0,0,0,0,0,0,6,3,3,0,6,0,6,6,6,3,3,0,6,3,6,0,0,0,0,0,6,0,0,0,129
353,0,0,6,0,0,0,0,0,0,0,0,0,0,6,0,0,6,6,0,0,0,0,0,6,0,6,0,0,6,6,0,0,0,0,0,0,0,6,6,0,6,0,0,0,0,0,0,0,0,0,0,0,0,0,0,0,0,66
354,6,0,8,8,8,0,0,0,0,0,0,0,0,0,0,6,0,0,6,8,0,0,0,0,0,0,0,0,0,6,8,8,8,0,0,0,0,0,0,0,0,0,0,0,0,0,0,0,0,6,0,6,0,6,0,0,0,98
355,3,6,3,3,6,0,0,0,0,0,0,0,0,0,6,0,6,3,0,6,3,0,0,6,3,0,0,0,0,0,0,0,0,0,0,0,6,3,0,6,3,6,3,0,0,0,6,3,0,0,6,3,0,0,0,0,0,99
356,0,0,0,0,0,0,0,0,6,0,6,0,0,6,0,0,6,0,6,6,6,0,0,0,6,0,0,0,0,0,6,0,0,0,6,0,0,0,0,0,0,6,0,0,0,0,0,0,0,6,0,6,0,6,6,6,0,96
357,8,8,6,8,0,0,6,8,0,0,0,6,0,8,0,0,0,6,6,0,8,0,8,0,6,8,6,0,0,6,8,8,8,6,0,0,0,0,0,0,0,0,0,0,0,0,0,0,0,0,0,0,0,6,0,0,6,154
358,3,0,0,6,3,6,3,0,0,0,0,6,0,0,0,0,6,3,0,0,0,0,0,0,0,0,0,6,3,0,0,0,6,3,6,3,6,0,0,0,0,6,3,0,6,3,0,6,3,0,0,6,3,0,6,3,0,114
359,0,0,0,0,6,5,5,5,5,5,5,5,5,5,0,0,0,6,6,0,0,6,0,0,0,0,0,0,6,5,5,6,0,6,0,0,0,0,6,0,0,0,0,0,6,0,0,0,0,0,0,6,5,6,6,0,0,132
360,0,0,6,0,0,0,6,0,6,0,0,0,0,0,0,0,6,0,0,0,0,6,0,6,0,0,0,6,8,6,6,6,0,0,6,6,0,6,0,0,0,6,0,0,6,6,8,0,6,8,8,0,0,0,0,0,0,134
361,6,0,0,6,5,0,0,0,0,0,0,0,6,5,0,6,0,0,6,5,5,5,0,6,5,5,5,6,5,6,0,0,6,5,6,6,0,0,0,0,0,0,0,0,0,0,0,0,6,0,0,6,5,0,0,0,0,133
362,6,8,6,6,0,0,0,0,0,0,0,6,6,0,0,6,8,0,0,0,6,0,0,6,0,0,6,8,0,8,0,0,0,0,6,0,0,0,6,0,0,6,8,0,0,6,8,8,0,0,0,0,0,0,0,6,6,146
363,8,6,8,0,0,0,6,8,6,8,8,0,0,6,8,0,6,0,8,0,0,6,0,0,0,0,0,0,0,6,8,0,0,0,0,0,6,8,0,0,0,0,6,6,0,8,8,0,0,6,0,0,0,6,0,8,0,168
364,5,6,0,0,6,6,0,0,0,6,5,0,0,0,0,0,6,5,5,0,0,0,0,0,6,5,5,5,0,0,0,0,0,0,0,0,0,0,0,0,0,0,0,6,0,0,6,0,6,0,0,0,0,0,6,0,0,95
365,0,0,0,0,0,0,0,0,0,0,0,0,0,0,0,0,0,0,6,5,5,5,5,5,5,0,0,0,6,6,5,5,5,5,5,5,0,0,6,0,0,0,0,0,6,5,5,5,5,5,5,0,0,6,6,6,0,138
366,5,0,0,0,6,5,0,0,0,6,5,0,0,6,0,6,5,6,5,5,5,5,6,5,6,5,0,6,5,6,5,0,0,0,6,5,0,0,6,5,6,0,0,0,0,0,6,5,0,0,6,5,0,0,0,0,0,164
367,5,0,0,0,0,0,6,5,0,0,0,6,5,0,0,0,6,5,0,6,5,0,6,5,0,6,5,0,0,6,5,0,0,0,0,6,5,0,0,0,0,0,0,6,5,0,6,5,6,5,0,0,6,5,0,0,6,143
368,5,5,5,5,5,5,5,5,5,5,5,5,5,5,5,5,5,5,5,5,5,5,5,5,5,6,0,0,0,0,6,0,0,6,0,0,0,0,6,0,0,0,0,6,6,6,0,0,6,6,6,5,5,5,5,5,5,215
369,5,6,5,0,6,5,6,5,0,0,0,0,0,6,5,6,5,6,5,0,0,6,5,6,5,0,0,6,5,0,0,0,0,0,0,0,0,6,5,0,6,5,0,0,0,0,0,6,5,0,6,5,6,5,0,0,6,165
370,0,0,8,6,8,8,8,0,0,8,8,8,8,0,8,0,0,8,8,0,6,0,0,0,8,8,8,8,0,8,0,6,0,0,8,0,0,8,8,8,0,0,8,0,6,0,6,0,0,8,8,0,0,0,0,8,8,230
371,6,6,0,0,0,0,8,0,8,8,8,0,8,0,0,8,8,0,0,0,0,8,0,0,8,8,0,8,8,0,8,8,8,0,0,8,0,0,8,8,8,8,8,8,0,0,8,8,8,8,8,8,8,8,8,8,8,276
372,3,0,0,0,0,0,0,0,6,0,0,6,3,0,0,0,0,0,0,0,0,0,6,3,0,6,0,0,0,0,0,0,6,3,6,3,0,0,6,3,0,0,0,0,0,0,0,0,0,0,0,0,0,0,0,0,6,66
373,6,0,0,0,0,6,0,0,6,0,6,6,0,0,0,0,0,0,0,6,0,6,0,0,0,0,0,0,0,0,0,6,4,4,4,4,6,0,6,6,0,0,6,0,0,0,0,0,0,6,0,0,0,0,0,0,0,94
374,0,0,0,0,0,0,6,0,0,6,0,0,0,0,0,0,0,0,0,0,0,0,6,0,0,0,0,0,0,0,0,0,0,0,0,0,0,0,0,0,0,0,0,0,0,0,6,6,0,0,0,0,6,0,0,0,0,36
375,6,6,6,0,6,8,0,0,0,6,0,8,8,0,0,0,0,6,0,0,6,0,0,0,0,0,0,6,8,0,0,0,0,0,6,8,0,0,6,8,6,8,0,0,0,0,0,0,0,0,0,0,0,0,0,0,0,122
376,0,0,6,5,5,5,5,5,5,5,5,0,0,0,0,0,0,0,6,0,0,0,0,0,0,0,0,6,0,0,0,0,6,5,0,0,0,0,0,0,6,5,6,0,0,0,0,6,5,5,0,0,6,0,0,0,0,108
377,3,3,3,3,3,3,0,0,0,0,0,6,0,0,0,0,0,0,0,0,0,0,0,0,0,0,0,0,0,0,0,0,0,6,3,3,3,3,0,0,0,0,0,0,6,6,0,6,0,0,0,0,0,0,0,0,0,60
378,8,0,0,0,0,8,0,0,8,0,0,8,0,0,8,0,6,8,6,8,0,0,8,8,0,0,8,0,0,0,0,8,0,0,0,0,0,0,8,0,0,0,0,0,8,0,0,8,6,8,6,8,0,0,8,0,0,160
379,5,5,5,5,5,5,0,6,5,0,0,0,6,5,5,5,0,0,0,0,6,5,5,0,0,0,0,0,0,0,0,0,6,5,6,6,0,0,0,6,0,6,5,0,0,0,0,0,0,0,0,6,5,6,6,5,5,151
380,5,0,0,0,0,0,0,0,0,0,0,0,0,0,0,0,0,0,0,6,5,0,0,0,6,5,6,5,0,0,6,5,0,0,6,5,0,0,6,5,0,0,0,0,6,5,5,0,0,6,5,0,0,6,5,5,0,114
381,8,8,8,0,0,0,8,0,0,0,0,8,8,8,0,8,0,0,8,0,8,8,0,0,8,8,0,8,0,0,8,8,6,6,0,0,0,8,0,0,8,0,0,8,0,8,0,8,0,8,0,0,0,0,8,8,0,204
382,5,0,0,0,0,6,5,5,5,0,0,6,5,0,0,0,6,5,6,5,0,0,0,0,0,6,5,0,0,0,0,0,0,0,6,5,0,0,6,5,0,0,0,6,5,0,0,0,6,5,0,0,0,0,0,0,0,114
383,6,0,0,0,0,0,6,6,5,5,5,5,5,5,0,6,0,0,0,6,0,6,0,0,0,0,0,0,0,6,6,5,5,5,5,5,5,5,5,5,5,6,5,5,5,5,5,5,5,5,5,5,5,5,5,5,5,209
384,0,0,0,6,5,5,0,6,5,0,6,0,0,0,0,0,0,0,0,0,6,0,6,5,0,0,6,5,0,0,0,0,0,0,0,0,6,5,0,0,0,0,6,5,0,0,0,6,5,6,5,0,0,0,6,5,0,116
385,3,0,6,3,6,0,0,6,3,3,3,3,3,3,6,6,3,3,3,3,0,0,0,0,0,0,6,3,3,0,6,3,6,3,0,0,0,0,0,6,0,6,0,0,0,0,0,0,0,0,0,0,0,0,6,0,0,114
386,0,0,0,0,0,0,0,0,0,0,0,0,0,0,0,0,0,0,0,0,0,0,0,0,6,0,0,0,6,0,0,0,0,0,0,0,0,0,0,0,6,0,0,0,6,6,0,0,6,0,6,0,6,6,6,0,0,60
387,5,0,6,5,0,6,5,5,0,6,5,0,0,0,6,5,5,0,0,0,6,5,0,0,0,6,5,0,0,0,0,6,5,6,5,0,0,0,0,0,0,0,0,0,0,0,0,0,0,0,0,0,0,0,0,0,0,103
388,3,6,3,3,0,0,6,3,6,3,0,0,0,0,6,3,0,0,0,6,3,0,6,3,3,0,0,0,0,0,0,0,0,0,0,0,6,3,0,6,3,6,3,3,0,0,0,0,6,0,0,0,0,0,0,0,0,99
389,0,0,8,8,8,0,8,8,0,0,8,8,0,8,0,8,8,0,8,0,0,8,0,0,8,0,8,8,8,0,0,8,8,8,8,0,0,0,8,8,8,0,0,0,0,0,8,0,8,8,0,8,8,0,0,8,0,232
390,3,0,0,0,0,0,0,0,0,6,0,6,0,6,0,0,0,0,6,0,0,0,0,0,0,0,0,0,0,0,6,3,0,0,0,0,6,3,3,0,0,0,0,0,6,3,0,6,3,6,3,0,0,0,0,0,0,75
391,6,5,5,5,5,0,0,0,6,0,0,6,6,0,6,0,0,6,0,0,0,0,0,0,0,0,0,0,0,0,0,0,0,0,0,0,0,0,0,0,0,0,0,0,0,0,0,0,0,0,0,0,0,0,0,6,0,62
392,0,0,6,0,6,8,8,0,0,0,0,0,0,6,0,8,0,0,0,0,0,0,0,0,6,0,0,0,6,6,0,8,6,0,0,0,0,0,0,0,0,0,6,8,0,0,0,0,0,0,0,0,0,0,0,6,8,102
393,0,0,0,6,0,0,0,6,0,0,0,0,0,0,0,0,6,0,6,0,0,0,0,0,6,0,0,0,0,0,0,6,6,0,0,0,6,0,0,0,0,0,0,0,0,0,6,0,0,0,0,0,6,0,6,0,6,72
394,0,0,6,0,0,0,0,6,0,0,0,6,0,0,6,0,0,0,0,0,6,0,0,0,0,0,0,0,0,0,0,6,0,8,8,8,6,0,6,0,6,0,0,0,0,0,6,0,8,8,8,0,0,0,6,0,6,120
395,0,0,0,0,0,0,6,0,0,0,0,0,0,6,0,0,0,0,0,6,6,0,0,0,0,0,0,0,0,6,0,0,0,0,0,6,0,0,0,0,6,0,0,0,6,0,0,6,0,0,6,0,0,6,0,6,0,72
396,8,0,0,6,8,0,0,0,6,0,8,0,0,0,6,0,8,0,0,6,0,0,6,8,0,6,0,0,0,0,0,0,0,0,0,6,8,0,0,0,0,0,0,6,0,8,0,6,8,0,0,0,0,0,0,0,0,118
397,0,0,0,6,0,0,6,0,0,0,0,0,0,0,0,0,0,0,0,0,0,0,0,0,0,0,0,0,0,0,0,0,0,0,0,0,0,0,6,0,8,6,0,0,0,0,0,0,0,0,0,0,0,0,0,0,0,32
398,6,8,0,0,6,0,0,0,0,0,0,6,0,0,0,6,8,6,0,0,0,0,0,0,0,6,6,0,0,0,0,0,0,0,0,0,6,8,0,0,0,0,6,0,6,8,0,6,0,8,0,0,0,0,0,0,0,106
399,3,0,0,0,0,6,3,0,0,0,0,0,0,6,0,0,6,3,3,3,6,3,6,3,3,0,0,0,6,0,0,0,0,0,0,0,0,0,6,0,0,0,0,0,6,0,0,6,3,0,0,6,3,0,0,0,6,96
400,5,5,5,5,5,5,5,5,5,5,5,5,5,5,5,5,5,5,5,5,5,5,5,5,5,5,5,5,5,5,5,5,5,5,5,5,5,5,5,5,5,5,5,5,0,0,0,6,0,0,0,0,0,0,0,0,0,226
401,5,5,5,0,0,0,0,6,5,5,5,5,0,6,0,0,6,5,5,6,6,0,6,5,0,0,0,6,5,5,5,5,0,0,6,0,0,0,0,0,6,0,0,0,6,5,6,5,6,5,0,0,0,0,0,0,0,157
402,6,5,5,6,0,0,0,6,6,5,6,0,0,0,0,0,0,0,0,0,6,0,6,5,5,5,0,6,0,0,0,0,0,6,0,0,0,0,0,0,0,6,5,0,0,0,0,6,5,5,0,0,0,6,5,5,5,132
403,7,7,7,0,0,0,0,0,6,0,0,0,6,0,0,0,0,0,0,0,0,0,0,0,0,0,6,6,0,0,6,6,0,0,0,0,0,0,0,6,0,6,0,6,0,0,0,0,0,0,0,6,0,0,0,0,0,81
404,7,7,7,7,7,7,7,7,7,7,7,7,7,7,7,7,7,7,7,7,7,7,7,0,0,0,6,6,6,0,6,0,0,6,0,6,6,0,0,6,0,0,0,0,0,0,0,0,6,6,0,6,0,0,6,0,0,233
405,0,6,5,0,0,0,0,6,5,6,5,0,6,5,0,0,0,0,0,0,0,0,0,0,0,0,6,5,0,0,0,6,5,0,6,5,0,0,0,0,0,6,5,0,0,0,0,0,0,0,0,0,0,6,5,0,0,99
406,7,8,8,8,0,0,8,0,0,8,8,8,8,8,6,0,0,0,8,0,6,8,8,0,0,0,8,6,8,8,8,8,8,8,8,8,6,8,0,0,8,0,0,8,0,0,0,8,8,6,0,0,8,0,8,6,0,267
407,0,0,0,6,3,0,0,0,0,0,0,0,0,0,0,6,3,6,3,0,6,3,0,0,0,0,0,6,3,0,0,0,0,0,0,0,0,0,0,0,0,6,3,0,6,3,0,6,3,0,6,3,0,0,0,0,6,87
408,0,0,0,0,6,6,0,0,0,0,0,0,0,6,0,0,0,0,0,0,6,0,6,0,6,0,8,0,6,0,8,8,8,0,8,0,0,0,0,0,0,6,0,6,0,0,0,0,0,0,0,6,0,0,0,0,0,100
409,0,0,6,5,0,0,0,0,0,6,5,0,0,0,6,5,0,0,0,0,0,0,0,6,5,5,0,6,5,5,0,0,0,0,0,0,0,6,5,0,6,5,0,0,0,0,0,0,0,0,0,0,0,0,6,5,0,98
410,0,0,0,0,0,6,3,0,0,0,0,0,0,0,0,0,0,0,6,0,0,0,0,0,0,0,0,0,0,0,0,6,0,0,0,0,0,0,0,0,0,6,3,3,6,3,6,0,0,0,0,0,6,3,3,3,0,63
411,8,0,6,8,0,0,8,0,0,8,0,6,0,8,0,0,0,8,0,0,0,8,0,6,8,0,6,0,0,0,8,8,0,0,0,0,8,0,0,8,0,0,0,8,0,0,8,0,6,8,0,0,8,0,0,0,8,166
412,7,7,0,7,7,7,7,0,7,0,7,7,7,7,7,7,7,7,7,7,7,7,0,7,7,0,7,7,7,7,7,7,0,7,7,7,7,7,7,7,7,7,0,7,7,7,7,7,7,7,7,0,7,7,7,7,7,343
413,7,7,7,8,8,8,0,8,8,7,7,7,7,8,7,7,8,8,0,0,7,7,8,0,0,7,7,7,8,0,8,0,0,7,7,7,0,8,8,7,7,7,7,7,7,7,7,7,7,7,8,7,7,7,0,8,7,344
414,7,7,7,7,0,8,7,8,7,7,7,7,7,8,7,7,0,8,7,8,8,7,7,8,7,7,7,7,8,8,0,0,7,7,0,8,7,8,7,8,7,7,7,7,0,8,8,7,7,7,7,7,0,0,7,0,8,351
415,0,7,7,0,7,7,0,7,0,7,7,0,7,7,0,7,7,0,7,0,7,7,0,7,7,0,7,7,7,7,7,0,7,7,0,7,0,7,7,7,7,0,7,0,7,7,0,7,7,7,7,7,0,7,0,7,0,266
416,8,8,0,0,7,8,7,8,8,0,0,7,7,7,7,7,7,8,8,8,8,8,0,8,7,7,7,8,8,8,8,8,8,8,0,8,8,8,0,8,8,8,0,8,8,0,0,7,7,7,7,7,7,7,7,7,7,355
417,7,7,0,7,7,0,7,0,7,0,7,7,0,7,0,7,0,7,7,7,7,7,7,0,7,0,7,0,7,0,7,0,7,0,7,7,0,7,0,7,7,0,7,7,0,7,0,7,0,7,0,7,0,7,0,7,0,238
418,0,7,7,7,7,0,7,0,7,0,7,0,7,0,7,0,7,0,7,0,7,0,7,7,0,7,7,0,7,0,7,7,7,0,7,0,7,7,7,7,7,7,0,7,7,7,7,0,7,7,0,7,7,7,0,7,0,259
419,7,7,7,7,7,0,7,7,7,7,7,7,7,7,0,7,7,7,7,7,7,7,0,7,7,7,7,7,7,7,7,0,7,0,7,7,7,7,0,7,7,7,7,7,7,7,7,7,0,7,7,7,7,7,7,7,7,350
420,0,7,0,7,0,7,0,7,0,7,0,7,0,7,0,7,0,7,0,7,0,7,0,7,0,7,0,7,0,7,0,7,0,7,0,7,0,7,0,7,0,7,0,7,0,7,0,7,0,7,0,7,0,7,0,7,0,196
421,7,7,8,7,0,0,7,7,8,7,8,7,8,7,8,0,8,8,8,7,8,7,8,7,8,7,8,7,0,8,7,8,7,8,7,8,7,7,0,8,8,8,7,8,7,0,8,0,8,7,8,7,8,0,8,7,7,368
422,7,8,8,8,8,8,0,8,0,8,7,7,7,7,7,7,7,0,0,7,7,7,7,7,7,7,7,7,7,8,8,0,8,8,8,0,8,8,0,0,7,7,7,7,7,7,7,8,8,7,7,8,8,8,8,8,8,365
423,7,8,0,8,0,0,7,7,7,8,7,8,7,8,7,8,7,8,7,7,7,8,0,0,7,8,7,0,8,7,8,0,0,7,0,0,7,0,0,7,8,8,7,0,0,7,7,0,8,7,8,7,7,8,8,7,8,312
424,7,7,7,7,7,0,8,0,8,7,7,7,7,7,7,7,8,7,8,8,8,7,7,7,7,8,8,8,8,0,8,8,8,0,0,7,7,7,7,7,7,7,7,7,7,7,7,7,7,7,7,7,7,8,8,0,8,373
425,7,7,3,7,7,3,7,7,7,7,3,3,3,3,7,7,7,3,3,7,7,7,7,7,7,7,7,3,3,3,7,3,3,7,3,3,7,7,7,3,7,7,3,3,7,7,7,7,7,3,3,7,3,3,3,3,7,303
426,8,7,8,7,7,7,7,0,8,0,8,8,8,8,0,0,7,7,7,8,7,7,7,0,0,7,7,8,0,0,7,0,0,7,8,7,8,0,0,7,8,7,0,0,7,7,7,7,7,7,8,7,0,8,7,0,8,302
427,0,7,7,7,0,7,7,7,0,7,7,7,7,7,0,7,7,7,0,7,0,7,7,0,7,7,7,7,7,7,7,0,7,7,7,7,7,0,7,7,7,7,7,7,0,7,7,7,7,7,7,7,7,7,0,7,7,322
428,7,7,7,7,0,0,7,7,0,0,7,0,0,7,0,0,7,7,7,7,7,7,0,0,7,7,7,7,7,7,7,7,7,7,7,7,7,7,7,7,7,7,7,7,7,7,7,7,7,7,7,7,7,7,7,7,7,329
429,0,7,7,0,7,0,7,0,7,0,7,0,7,0,7,7,0,7,0,7,0,7,0,7,7,0,7,0,7,0,7,0,7,0,7,0,7,0,7,7,0,7,7,0,7,7,0,7,0,7,0,7,7,0,7,0,7,224
430,0,0,7,7,0,0,7,7,0,6,7,6,7,7,0,0,7,0,0,7,7,0,0,7,0,0,7,0,0,7,6,7,7,7,0,6,7,0,0,7,0,6,0,0,7,0,0,7,0,0,7,6,0,0,7,7,0,197
431,7,0,7,7,7,7,7,7,0,7,7,7,7,7,7,0,7,0,7,7,7,7,7,0,7,7,7,0,7,7,7,7,7,7,7,7,0,7,7,0,7,7,7,7,7,0,7,7,7,7,7,7,7,7,7,7,7,336
432,0,7,0,7,7,0,7,0,7,0,7,0,7,0,7,0,7,0,7,0,7,0,7,0,7,0,7,0,7,0,7,0,7,0,7,0,7,0,7,0,7,0,7,0,7,0,7,0,7,0,7,0,7,0,7,0,7,203
433,3,7,3,7,3,7,3,7,3,7,3,7,3,7,3,7,3,7,3,7,3,7,3,7,3,7,3,7,3,7,3,7,3,7,3,7,3,7,3,7,3,7,3,7,3,7,7,7,3,7,3,7,3,7,3,7,3,287
434,0,7,0,7,7,0,7,7,0,7,7,7,7,0,7,7,0,7,7,7,0,7,7,7,0,7,7,7,0,7,7,0,7,7,0,7,0,7,7,0,7,0,7,7,0,7,0,7,7,0,7,7,0,7,0,7,0,259
435,0,7,7,0,7,7,0,7,0,7,0,7,7,0,7,0,7,0,7,0,7,0,7,7,0,7,0,7,0,7,7,7,7,7,7,7,0,7,7,0,7,0,7,0,7,7,7,7,0,7,7,0,7,0,7,7,7,259
436,7,0,0,7,0,0,7,7,0,0,7,6,7,6,7,0,0,7,0,6,6,7,0,0,7,6,7,7,0,0,7,0,6,6,7,7,6,6,0,6,7,0,0,7,6,7,7,0,0,7,6,7,6,7,6,7,7,252
437,0,7,7,7,7,7,7,7,7,0,7,7,7,7,7,7,7,7,7,7,7,7,7,7,7,7,0,7,7,7,7,7,7,7,7,7,7,0,7,7,7,7,7,7,7,7,7,7,7,7,7,7,7,7,7,7,7,371
438,7,7,7,0,7,7,0,7,0,7,7,0,7,7,7,7,7,7,7,7,7,0,7,0,7,7,7,7,7,7,0,7,7,7,0,7,7,7,0,7,0,7,0,7,7,7,0,7,7,0,7,0,7,0,7,0,7,287
439,7,7,7,7,7,7,7,7,7,7,7,8,8,0,8,8,0,0,7,7,8,8,8,8,7,7,7,7,8,8,0,8,0,8,0,0,7,7,7,7,8,7,0,0,7,7,7,7,7,7,7,7,8,0,0,7,7,336
440,7,0,7,7,7,7,7,7,7,7,0,7,7,7,7,7,0,7,7,7,7,7,7,7,7,7,7,7,7,7,7,7,7,0,7,0,7,7,7,0,7,7,7,0,7,7,7,7,7,0,7,7,7,7,7,0,7,336
441,7,0,7,7,7,0,7,0,7,7,7,7,7,7,0,7,7,7,0,7,0,7,0,7,0,7,7,7,7,7,0,7,7,0,7,7,0,7,0,7,0,7,7,0,7,0,7,7,7,7,0,7,7,7,7,0,7,280
442,7,7,0,7,0,7,0,7,7,7,7,0,7,7,7,0,7,0,7,7,0,7,0,7,7,0,7,0,7,7,7,0,7,7,7,7,0,7,7,7,0,7,7,0,7,7,0,7,7,7,0,7,7,7,7,7,7,287
443,7,0,7,0,7,7,7,0,7,0,7,0,7,0,7,0,7,0,7,7,0,7,0,7,0,7,7,0,7,0,7,7,0,7,0,7,0,7,7,0,7,7,0,7,7,7,0,7,0,7,0,7,0,7,0,7,7,238
444,8,7,0,0,7,7,7,7,7,7,7,7,8,7,8,0,8,7,8,7,7,8,8,7,0,0,7,8,8,8,7,8,7,8,7,7,0,0,7,8,7,7,8,7,8,0,8,0,8,0,0,7,8,7,7,8,0,334
445,0,6,0,0,7,7,7,6,0,0,7,6,6,0,0,7,7,0,0,7,0,6,7,6,6,6,0,6,7,6,7,0,6,0,0,7,7,7,7,0,0,7,7,7,7,7,7,7,0,0,7,7,0,0,7,7,0,241
446,8,0,0,7,0,8,8,7,0,8,7,0,8,8,7,7,7,7,8,7,8,7,7,0,8,8,8,8,8,0,8,8,7,7,8,7,8,7,7,7,8,8,7,7,7,8,7,8,7,8,7,8,0,8,8,7,8,369
447,7,0,7,7,0,7,7,7,7,0,7,7,0,7,7,0,7,0,7,7,7,7,7,7,7,0,7,0,7,7,0,7,7,0,7,7,0,7,7,7,7,7,7,0,7,7,7,7,0,7,7,7,0,7,0,7,7,294
448,0,8,7,0,8,7,8,7,8,7,8,7,0,8,7,0,8,7,8,7,8,7,0,0,7,8,8,8,7,8,7,0,0,7,0,0,7,0,8,7,8,7,0,0,7,0,8,7,0,8,7,0,8,7,8,7,8,307
449,7,7,7,7,7,0,0,7,7,7,7,7,7,7,0,0,7,7,7,7,7,7,0,6,0,6,6,0,6,6,0,0,7,7,7,7,7,7,6,6,0,6,7,7,7,7,7,6,7,6,6,0,0,7,6,6,7,302
450,0,0,7,6,0,0,7,7,0,0,7,0,6,7,0,0,7,0,0,7,6,0,6,7,7,0,0,7,7,0,0,7,0,0,7,0,0,7,6,7,6,0,0,7,6,7,0,0,7,0,0,7,0,0,7,0,0,182
451,7,0,7,7,7,7,7,7,7,7,7,7,0,7,0,7,0,7,7,7,7,7,7,7,7,7,7,7,0,7,7,7,0,7,7,0,7,7,7,7,0,7,7,0,7,0,7,0,7,0,7,0,7,0,7,7,0,294
452,0,7,0,7,0,7,7,0,7,0,7,0,7,0,7,0,7,0,7,0,7,0,7,0,7,0,7,0,7,0,7,0,7,0,7,0,7,0,7,0,7,0,7,0,7,0,7,0,7,0,7,7,0,7,0,7,7,210
453,0,8,8,8,7,8,8,7,8,7,7,0,0,7,8,7,0,0,7,8,8,7,7,0,8,0,8,7,0,8,7,8,7,7,7,0,8,7,8,7,8,7,0,0,7,0,8,7,7,8,7,7,8,0,8,7,8,329
454,0,7,0,7,0,7,0,7,0,7,0,7,0,7,0,7,0,7,0,7,0,7,0,7,0,7,0,7,0,7,7,0,7,0,7,0,7,0,7,0,7,0,7,7,0,7,0,7,0,7,0,7,0,7,0,7,0,203
455,8,7,8,8,7,0,8,8,8,7,7,8,8,7,7,7,7,7,8,7,0,8,0,8,7,8,8,0,0,7,0,0,7,0,8,0,8,0,8,8,8,7,7,8,8,7,8,7,7,8,7,8,8,8,8,8,7,356
456,7,0,7,7,7,7,7,7,7,7,7,7,7,7,7,7,7,7,7,7,7,7,7,7,7,7,7,7,7,7,7,7,7,7,7,7,7,7,7,7,7,0,7,7,7,7,7,7,7,7,7,7,7,7,7,7,7,385
457,7,3,3,7,3,7,7,3,3,3,3,7,3,3,3,3,3,3,3,7,3,3,7,3,7,7,7,7,7,7,7,7,7,7,7,7,7,7,3,3,3,3,7,7,7,7,7,7,3,3,7,7,3,3,7,7,3,295
458,7,7,7,3,3,3,3,7,7,7,7,7,7,7,3,7,3,7,7,7,7,7,3,3,3,3,7,7,7,7,7,7,7,3,7,7,7,7,7,7,7,7,7,3,7,7,3,3,3,3,3,3,3,3,3,3,3,307
459,0,7,0,7,0,7,0,7,0,7,0,7,0,7,0,7,0,7,0,7,0,7,7,0,7,0,7,0,7,0,7,0,7,0,7,0,7,0,7,0,7,0,7,0,7,0,7,0,7,0,7,0,7,0,7,0,7,203
460,7,7,7,7,7,7,7,7,7,7,7,0,8,0,8,8,0,0,7,7,7,0,8,7,7,0,0,7,7,7,7,7,7,7,0,0,7,7,7,7,7,7,8,8,0,8,0,8,8,7,7,7,7,7,7,7,7,331
461,7,6,0,0,7,7,7,0,0,7,0,0,7,7,7,7,0,0,7,0,0,7,7,6,7,0,6,0,0,7,0,0,7,7,7,7,7,7,0,0,7,7,7,7,0,0,7,0,0,7,7,6,7,7,7,0,0,234
462,6,7,6,7,0,0,7,6,7,0,0,7,0,0,7,0,0,7,6,7,0,0,7,6,7,6,7,7,0,0,7,0,0,7,0,0,7,0,6,7,0,0,7,0,6,7,0,0,7,0,0,7,6,7,0,6,7,214
463,3,7,7,3,7,3,3,3,7,3,7,3,3,7,3,7,3,3,7,3,7,7,3,7,3,7,7,7,3,7,7,7,7,3,7,3,7,3,7,3,7,3,7,3,3,3,7,7,7,3,7,3,7,3,7,3,3,287
464,7,7,8,7,0,8,8,7,7,7,7,7,7,7,7,7,7,7,8,0,0,7,7,7,7,7,7,7,7,7,0,8,0,8,0,8,0,0,7,7,7,7,7,7,7,7,7,7,0,8,0,0,7,8,8,8,0,326
465,0,8,7,7,7,8,0,8,7,7,7,7,7,7,8,0,0,7,8,8,8,8,0,0,7,8,7,7,7,7,8,7,8,0,8,0,0,7,8,8,8,8,8,0,8,8,8,7,7,0,8,0,0,7,0,0,7,315
466,0,7,7,0,7,0,7,0,7,7,7,7,7,0,7,0,7,7,0,7,0,7,0,7,0,7,0,7,0,7,0,7,7,7,0,7,0,7,7,0,7,0,7,0,7,0,7,0,7,0,7,7,7,0,7,0,7,238
467,7,7,7,7,0,7,7,7,0,7,0,7,7,7,7,7,7,0,7,7,7,7,7,7,7,7,7,7,7,7,7,7,7,7,7,7,0,7,0,7,0,7,0,7,7,7,7,7,7,7,0,7,7,0,7,0,7,322
468,0,7,0,7,7,0,7,0,7,0,7,0,7,0,7,0,7,7,7,0,7,0,7,0,7,0,7,0,7,7,7,0,7,0,7,0,7,7,0,7,0,7,7,7,0,7,0,7,0,7,0,7,0,7,0,7,0,224
469,0,0,7,6,7,7,0,0,7,7,0,0,7,6,7,0,6,7,7,0,0,7,0,0,7,0,0,7,6,7,6,7,0,0,7,7,0,0,7,0,0,7,0,0,7,7,0,0,7,7,6,7,0,6,7,7,0,217
470,7,7,6,6,0,6,7,0,0,7,7,0,6,7,7,7,0,6,0,0,7,0,6,7,7,6,0,0,7,7,0,0,7,7,7,7,7,6,7,7,0,0,7,7,7,7,7,7,7,7,7,0,0,7,0,0,7,265
471,7,7,7,0,7,7,7,7,7,7,0,7,7,7,7,7,7,7,7,7,7,7,0,7,7,7,7,7,7,7,0,7,7,7,7,7,0,7,7,7,7,7,7,0,7,7,7,7,0,7,7,7,7,7,7,7,0,343
472,8,8,0,0,7,0,8,7,7,7,7,7,7,7,7,7,7,7,7,8,8,0,8,7,7,7,7,8,0,8,0,0,7,7,8,0,8,0,8,0,8,0,8,8,8,8,0,8,8,8,0,8,8,8,8,0,8,325
473,8,8,0,8,8,0,0,7,7,7,7,7,7,7,7,7,7,7,7,7,7,7,7,7,7,7,7,7,7,7,7,7,7,7,7,7,7,7,7,7,7,7,7,7,7,7,7,7,7,7,7,7,7,7,7,7,7,382
474,8,0,0,7,0,7,0,7,0,7,7,7,7,7,0,7,0,7,7,0,7,0,7,0,7,7,0,7,7,0,7,7,7,0,7,0,7,7,0,7,7,7,0,7,0,7,0,7,7,0,7,7,0,7,0,7,7,253
475,7,3,3,3,3,3,7,7,7,7,7,7,7,3,7,3,3,7,7,7,7,3,3,7,3,3,3,7,3,3,3,7,3,3,7,7,7,7,7,7,3,3,7,3,7,7,3,3,3,7,7,7,7,3,3,3,3,287
476,8,7,7,7,7,7,7,7,7,7,7,7,7,7,7,7,7,7,7,7,7,7,7,7,7,7,7,7,7,7,7,7,7,7,7,7,7,7,7,7,7,7,7,7,7,7,7,7,7,7,7,7,7,7,7,7,7,400
477,8,8,8,8,8,8,8,8,8,8,0,8,8,0,8,8,8,8,8,0,8,8,0,8,8,8,0,8,8,0,8,0,8,8,8,8,0,0,7,7,7,7,7,7,7,7,7,7,7,7,7,7,7,7,7,7,7,365
478,0,8,7,0,7,7,7,7,0,7,7,7,7,0,7,7,7,7,7,7,0,7,7,7,7,7,7,7,0,7,7,7,7,7,7,7,7,7,7,7,7,7,7,7,7,7,7,7,7,7,7,7,0,7,7,7,7,351
479,8,7,7,0,7,0,7,0,7,7,0,7,7,0,7,7,0,7,0,7,7,7,0,7,7,0,7,0,7,7,0,7,0,7,7,0,7,7,7,0,7,0,7,0,7,7,7,0,7,0,7,0,7,7,0,7,0,253
480,7,0,7,0,7,0,7,7,0,7,0,7,0,7,7,0,7,7,0,7,0,7,7,0,7,0,7,0,7,0,7,0,7,0,7,0,7,0,7,7,0,7,7,0,7,0,7,0,7,7,0,7,0,7,0,7,7,231
481,8,8,8,8,8,8,7,7,8,0,8,7,7,7,7,7,7,7,7,8,0,0,7,8,8,0,8,7,7,7,7,7,7,0,8,8,8,7,7,7,7,7,7,7,8,7,7,7,8,7,0,8,8,7,7,7,8,377
482,7,0,7,0,7,0,7,7,0,7,7,0,7,0,7,7,0,7,0,7,0,7,7,7,7,0,7,7,7,0,7,0,7,0,7,0,7,0,7,0,7,7,7,0,7,7,0,7,0,7,7,0,7,0,7,0,7,245
483,7,0,7,0,7,0,7,0,7,0,7,0,7,0,7,0,7,0,7,0,7,0,7,0,7,0,7,0,7,0,7,0,7,0,7,0,7,0,7,0,7,0,7,0,7,0,7,0,7,0,7,0,7,0,7,0,7,203
484,0,8,0,8,0,0,7,7,7,7,7,7,7,7,7,7,3,3,3,3,7,7,7,7,7,7,7,7,7,7,7,7,7,7,7,7,7,7,7,7,7,7,7,7,7,7,7,7,3,3,3,3,3,3,3,3,3,321
485,7,7,0,7,7,7,7,7,0,7,0,7,7,7,0,7,7,0,7,0,7,0,7,7,0,7,0,7,7,0,7,0,7,0,7,0,7,0,7,7,0,7,0,7,7,0,7,0,7,0,7,0,7,0,7,0,7,245
486,10,0,0,8,10,8,8,10,8,10,8,10,8,10,8,10,8,10,10,8,10,8,10,0,8,10,0,8,10,8,10,0,8,10,8,10,8,10,8,10,0,8,10,0,8,10,8,10,0,0,8,0,0,0,0,0,0,378
487,0,6,8,0,0,8,0,0,0,8,0,0,8,0,0,0,8,0,6,8,0,0,0,8,6,8,8,6,8,0,0,0,8,0,6,8,0,0,8,0,6,8,0,0,8,8,6,0,8,0,0,8,0,6,8,0,0,200
488,8,0,8,8,0,0,0,0,0,8,8,0,0,0,0,8,0,0,8,8,8,8,8,0,8,8,8,8,0,0,0,8,8,0,8,8,8,8,0,0,0,8,0,8,0,0,8,0,8,8,8,0,0,8,0,0,0,224
489,0,0,0,8,6,8,8,8,8,0,0,0,8,0,0,8,6,6,0,0,8,0,8,8,0,0,8,0,6,0,8,0,6,6,0,0,8,6,0,0,8,0,6,0,0,8,0,0,8,0,0,8,8,0,0,8,0,200
490,8,8,10,10,10,8,0,8,8,8,8,8,8,0,0,8,0,0,8,8,0,8,0,8,8,8,10,10,10,10,10,10,10,10,10,10,10,10,10,10,10,10,10,10,10,10,10,10,10,10,10,10,10,10,10,10,10,468
491,8,0,6,0,6,0,0,8,0,0,8,0,6,8,0,0,8,8,8,0,8,8,0,8,0,0,8,0,0,8,8,0,6,8,0,0,8,6,0,0,0,8,6,6,8,8,0,0,8,0,6,6,0,0,8,0,8,222
492,8,10,10,10,10,10,10,10,10,10,10,10,8,0,8,10,8,0,8,8,0,0,8,10,8,8,10,10,10,10,10,10,10,10,10,10,0,8,0,0,8,8,0,0,8,8,8,0,8,10,10,10,10,10,10,10,0,428
493,8,0,8,8,0,8,0,8,0,8,8,8,0,8,8,0,8,0,0,8,8,0,8,8,8,0,0,8,8,8,8,8,8,0,8,8,0,0,8,8,0,8,8,8,8,0,0,8,8,8,8,0,8,0,8,8,8,304
494,8,0,0,8,6,8,0,0,0,8,0,0,8,0,0,0,0,8,0,6,0,8,0,0,8,0,6,0,8,0,0,0,8,6,8,6,0,0,0,8,6,8,0,0,0,8,0,6,0,8,0,0,0,8,0,6,8,184
495,0,6,8,6,8,8,0,0,0,8,8,0,8,0,0,8,0,0,0,8,0,0,8,0,8,8,0,0,8,6,0,0,8,8,0,6,8,0,0,8,0,0,8,6,6,0,6,8,6,6,0,0,8,8,8,0,0,222
496,8,8,6,8,0,8,0,6,8,8,8,0,8,8,0,8,8,0,0,0,0,8,8,8,0,8,0,0,8,0,0,8,0,0,0,8,0,0,0,0,8,8,8,8,0,0,8,0,6,0,0,0,0,8,8,8,0,226
497,6,6,8,0,0,8,6,0,6,6,0,0,8,0,8,0,0,0,8,0,0,0,0,0,8,0,8,0,8,0,6,0,0,0,8,8,0,0,0,0,0,0,8,0,8,6,8,6,8,0,0,8,0,0,0,0,8,176
498,8,8,0,8,8,0,8,8,8,8,8,8,8,0,0,8,8,8,0,8,8,8,0,0,8,8,0,8,8,8,0,8,8,8,8,8,8,8,8,8,8,0,0,0,0,8,8,0,0,8,0,8,8,8,8,0,8,320
499,8,0,0,8,0,8,0,0,0,0,8,0,0,8,0,6,0,0,0,8,0,6,0,8,0,0,0,0,0,8,0,0,8,6,8,0,0,0,0,0,0,8,0,0,0,0,0,8,6,0,0,0,8,8,0,0,8,144
500,10,8,10,8,10,8,10,0,8,10,8,10,0,8,10,0,8,10,0,0,8,10,8,10,8,10,8,10,10,10,0,8,10,10,8,10,8,10,8,8,10,8,8,10,8,10,8,10,10,8,10,8,10,0,8,10,8,452
501,0,0,0,0,8,8,8,0,0,8,0,8,0,0,0,8,8,0,0,0,8,8,0,0,0,8,8,0,8,0,0,8,8,0,8,0,0,8,0,0,8,0,0,8,8,0,0,8,0,0,8,0,6,0,6,6,0,186
502,8,0,0,0,8,10,8,10,10,10,8,0,0,8,8,8,10,0,0,0,0,8,8,8,10,10,8,8,10,8,8,10,10,8,8,10,10,10,10,8,10,8,8,10,0,0,8,10,0,8,0,8,10,0,0,8,10,374
503,8,0,0,8,8,0,0,8,0,0,8,8,0,0,8,8,6,8,0,0,8,0,0,8,0,8,0,0,8,0,8,8,0,0,8,0,0,8,0,0,8,6,8,0,0,0,0,8,0,0,8,6,0,0,0,8,8,202
504,8,8,8,8,8,0,8,10,10,10,8,10,8,10,10,10,8,10,0,0,0,0,8,10,10,0,8,0,0,8,10,8,8,10,10,10,8,10,0,8,10,0,8,10,8,10,10,0,8,10,8,8,8,10,8,10,0,404
505,10,0,8,10,8,10,10,10,10,0,8,8,10,10,10,10,8,8,8,10,10,10,10,8,8,10,10,0,0,0,8,8,0,8,8,10,10,10,10,10,8,8,10,0,8,10,10,8,10,10,10,10,10,10,10,10,10,466
506,0,8,0,0,8,8,8,0,0,8,8,8,8,6,0,8,8,0,0,8,8,0,8,8,8,8,0,6,6,0,0,8,8,6,6,0,6,0,0,0,8,8,8,0,6,0,0,0,8,8,0,8,8,0,8,8,8,266
507,8,8,0,8,6,0,0,0,8,0,0,0,8,8,0,0,0,8,8,0,0,8,8,0,8,0,0,8,0,6,8,0,8,0,0,8,0,8,8,8,0,8,8,8,0,0,0,0,8,8,0,0,0,0,8,0,6,210
508,8,10,8,8,8,8,10,10,10,10,8,0,8,8,0,8,8,10,0,8,10,10,8,8,10,10,8,10,10,10,8,10,10,8,8,10,0,0,8,10,8,0,8,0,8,10,10,8,10,8,10,8,10,0,0,8,10,430
509,10,10,10,10,0,0,8,0,8,10,8,10,8,10,10,0,8,10,10,10,0,8,10,10,0,0,0,8,0,8,10,10,8,8,8,10,8,8,8,8,0,8,0,8,8,0,8,8,10,8,0,8,10,0,0,8,0,364
510,8,8,8,8,0,6,0,6,0,6,6,8,0,8,0,8,8,8,8,8,0,0,8,8,8,8,6,0,0,8,8,8,0,8,8,0,8,8,8,0,8,0,0,8,8,8,8,8,0,0,8,8,0,0,8,8,8,302
511,0,8,8,8,8,8,0,8,0,0,8,8,0,0,8,8,0,8,0,0,0,8,8,8,0,0,0,8,0,8,0,0,0,0,0,8,0,6,8,8,8,8,0,8,8,8,6,6,8,8,0,0,0,8,8,8,8,258
512,0,6,8,0,0,8,0,0,0,0,0,8,6,6,0,6,0,0,0,0,8,0,0,0,8,0,0,8,0,0,0,8,6,8,0,0,8,0,0,8,0,6,8,6,8,8,6,8,0,0,0,0,8,0,0,0,0,168
513,8,0,8,8,8,0,8,0,8,0,0,0,0,0,8,8,0,6,0,0,0,0,8,0,0,0,8,8,0,0,0,8,0,0,0,8,6,6,0,0,8,0,8,8,0,0,0,8,0,6,0,0,8,0,8,0,8,184
514,0,0,8,0,8,8,8,0,0,0,8,0,8,8,8,8,0,0,8,0,0,8,0,8,8,0,0,0,8,6,6,0,6,0,0,0,8,8,8,0,6,6,0,8,8,6,0,0,8,8,0,0,8,8,8,8,8,244
515,0,0,8,6,8,0,6,0,0,8,0,0,8,0,6,0,8,6,8,0,0,0,0,8,0,0,0,0,0,8,0,0,0,8,0,0,0,0,8,0,0,0,0,8,0,0,8,8,6,8,0,6,8,0,0,8,8,172
516,0,8,8,10,8,10,10,0,0,8,10,8,10,8,0,0,0,8,10,10,10,10,8,0,8,0,8,8,8,0,0,8,10,10,10,0,8,10,10,10,8,10,8,8,10,10,10,8,10,10,8,10,10,10,10,0,8,410
517,8,8,0,0,0,8,0,6,8,0,0,8,6,8,8,0,8,0,0,0,0,8,0,0,8,0,0,0,8,0,0,8,0,0,8,0,0,8,8,8,0,6,0,8,0,8,0,0,8,0,0,0,0,8,0,0,0,178
518,8,6,0,8,0,0,8,0,6,8,8,0,0,8,6,8,0,0,0,0,8,0,0,8,8,0,6,0,8,0,8,0,6,8,0,0,8,0,0,0,8,8,0,6,6,8,6,8,0,0,0,8,0,0,8,8,8,224
519,9,9,9,8,8,0,0,8,8,8,6,8,0,0,8,0,0,8,0,0,0,8,8,0,6,0,0,8,8,8,0,0,0,8,0,0,8,0,0,8,8,0,0,8,6,6,0,0,0,0,8,0,0,8,8,0,0,219
520,9,9,9,9,9,9,9,9,9,9,9,9,9,9,9,9,9,9,9,9,9,9,9,9,9,8,8,8,8,10,10,10,8,8,8,8,8,10,10,10,0,8,10,10,10,10,10,10,10,10,10,10,10,10,10,10,10,515
521,8,10,8,10,10,10,10,8,10,10,8,10,8,0,0,0,0,0,8,10,8,10,10,0,8,10,8,8,10,10,0,0,8,10,0,0,8,10,8,10,10,10,8,8,10,8,8,0,8,0,8,10,10,8,0,0,8,388
522,9,8,8,8,8,10,10,10,0,10,10,10,0,0,0,8,8,8,8,8,10,10,10,10,8,0,0,0,0,8,0,0,0,8,0,8,10,0,8,8,8,10,10,10,10,0,8,0,8,0,8,10,0,8,10,0,8,347
523,0,8,8,0,8,8,8,6,0,0,0,0,8,0,0,0,8,8,6,0,0,0,0,0,8,0,8,0,0,0,8,8,0,6,0,0,0,8,8,8,0,0,8,6,0,0,8,8,6,8,0,0,8,0,8,8,6,212
524,9,9,0,8,0,0,0,8,8,0,8,10,0,8,0,8,0,0,8,0,8,10,10,10,8,0,0,8,10,10,10,10,10,8,8,0,8,10,10,10,10,10,10,8,10,0,0,0,0,8,8,0,0,8,8,0,0,322
525,8,8,10,10,10,0,8,0,8,10,0,0,8,8,8,10,0,0,8,10,10,10,8,10,0,8,10,10,0,8,10,0,0,0,8,8,8,8,10,10,0,8,8,8,8,10,0,10,8,8,0,8,8,0,0,8,10,362
526,9,8,0,0,0,0,0,0,8,0,8,8,8,8,8,0,0,8,0,0,0,8,8,0,0,0,8,0,8,0,6,0,6,8,8,0,6,6,6,6,0,0,8,8,0,8,8,6,8,0,0,8,8,0,0,0,0,219
527,8,0,0,8,0,6,0,8,6,0,0,8,0,0,8,8,8,0,0,8,8,8,6,0,0,8,8,0,6,0,8,0,0,8,8,8,6,8,0,6,0,0,8,0,8,8,8,0,0,8,0,0,0,0,8,8,8,236
528,8,10,10,8,10,0,8,10,10,0,8,10,8,10,8,10,8,10,0,8,10,10,8,10,10,10,8,10,0,0,8,10,8,10,8,10,0,0,8,10,8,0,8,10,8,10,8,10,10,0,0,8,10,8,10,8,0,418
529,8,0,8,10,8,10,10,10,10,10,8,10,10,10,8,8,8,10,10,8,8,8,10,10,10,8,0,8,8,8,8,0,0,8,10,10,8,8,10,10,8,0,0,8,8,10,0,8,10,0,8,8,8,10,10,10,8,438
530,9,9,8,8,0,0,0,0,8,0,8,0,8,0,0,8,0,0,8,8,0,0,0,8,8,8,0,8,8,0,8,0,0,0,0,8,8,8,8,0,0,8,8,8,6,6,0,0,0,8,0,0,8,8,0,8,6,236
531,8,10,10,0,8,8,0,0,0,8,8,10,10,10,10,10,10,0,8,8,8,8,0,0,0,0,8,0,0,0,8,10,8,8,10,10,10,8,10,8,0,0,8,8,8,8,0,8,0,8,10,10,10,10,10,8,0,356
532,8,0,6,8,6,8,0,8,0,0,8,0,6,0,0,8,0,0,8,0,0,8,8,0,0,0,0,8,0,0,8,0,6,0,0,0,8,0,0,8,8,0,0,8,6,6,8,0,0,8,8,0,0,8,0,0,8,196
533,9,8,0,8,10,10,10,10,10,0,8,8,8,8,10,10,10,10,10,10,8,8,8,8,8,8,10,10,10,0,8,0,8,8,0,0,8,10,10,10,10,0,0,8,8,8,10,10,10,10,10,10,10,8,0,0,8,427
534,9,9,9,0,8,8,8,8,8,0,8,10,10,10,10,0,8,8,10,8,8,8,0,8,10,10,10,10,10,10,10,10,10,10,8,8,8,0,8,10,0,8,8,0,8,0,8,10,8,10,10,8,8,10,10,0,8,429
535,9,9,9,9,9,9,9,9,9,9,9,9,9,9,9,9,0,8,8,0,8,0,6,0,0,8,8,0,0,8,0,8,8,8,0,0,0,8,0,0,8,0,0,8,8,8,8,8,0,0,8,8,8,8,0,0,8,318
536,9,9,8,0,0,8,8,0,0,0,0,0,8,6,0,0,0,8,0,8,0,6,0,8,0,0,8,8,0,0,8,0,0,8,0,0,8,8,8,0,0,8,0,6,0,6,8,0,0,0,8,0,0,0,8,0,8,194
537,8,10,0,0,8,10,0,8,10,8,10,8,10,8,10,8,10,8,10,8,10,0,0,8,10,0,0,8,10,8,10,8,0,8,10,0,8,10,0,0,8,10,8,10,8,10,8,10,8,10,8,10,8,8,10,0,0,394
538,0,8,8,0,0,8,0,8,10,8,10,10,10,8,10,8,0,8,8,10,0,0,0,0,8,0,8,10,0,0,0,8,0,8,10,8,10,0,8,10,8,10,0,8,8,0,8,10,8,8,10,8,8,10,8,10,10,352
539,9,8,0,0,8,0,0,8,8,0,0,0,0,0,8,8,0,0,8,0,0,8,0,0,8,8,8,0,0,0,8,8,0,0,8,0,0,8,0,8,8,0,0,8,6,0,0,0,0,8,0,0,8,0,0,0,0,175
540,9,9,9,9,9,0,0,0,8,8,0,0,0,8,0,6,6,0,0,0,0,0,8,0,0,8,8,0,0,0,0,8,0,8,0,0,8,0,0,8,0,8,0,0,0,8,0,0,0,8,8,0,8,0,8,8,8,201
541,0,0,8,0,0,0,8,8,0,6,0,6,0,0,8,0,8,0,8,0,0,8,0,6,0,6,6,8,0,0,8,0,8,8,6,8,0,0,0,8,8,6,0,0,8,0,8,0,6,0,0,8,0,6,0,6,8,204
542,9,9,9,9,9,9,9,9,9,9,9,9,9,9,9,9,9,9,9,9,9,9,9,9,9,9,9,9,9,9,9,9,9,9,9,9,9,9,9,9,9,9,9,9,9,9,9,9,9,9,9,9,9,9,9,9,9,513
543,8,0,0,0,8,0,0,0,0,8,0,8,0,0,8,0,0,8,8,6,8,0,0,8,8,8,6,0,0,8,0,0,8,6,0,8,0,6,0,0,0,8,0,0,0,8,0,0,8,0,8,0,0,0,8,0,0,176
544,8,8,0,6,0,6,0,6,0,8,0,8,8,8,0,0,0,0,8,0,0,8,0,8,8,8,6,0,6,0,0,0,0,0,0,8,8,8,8,8,8,8,8,8,0,8,8,8,0,6,0,0,8,0,8,8,8,252
545,9,8,0,8,8,0,8,8,8,0,8,0,0,8,0,0,8,8,8,8,0,0,0,8,0,0,8,0,0,0,0,0,8,8,8,8,8,8,0,8,8,0,8,0,0,8,8,0,0,8,8,8,0,8,0,0,0,241
546,9,9,8,8,0,0,0,8,8,8,0,6,0,8,0,0,8,8,0,0,0,8,0,0,0,0,0,0,8,6,0,6,0,8,8,0,0,0,0,0,8,0,6,6,0,0,8,8,8,0,8,0,0,0,8,6,0,198
547,0,8,0,0,0,0,0,8,10,8,8,0,0,0,8,8,8,0,8,8,10,0,0,8,8,8,8,10,10,10,0,0,8,8,0,8,8,10,10,10,10,0,8,0,0,0,0,8,0,8,8,0,8,8,10,10,8,302
548,9,8,0,8,0,8,10,8,0,8,0,10,8,10,8,8,10,10,8,10,8,8,8,8,10,10,0,8,10,10,10,10,10,10,10,10,10,10,10,8,0,0,8,8,10,10,10,10,10,10,0,8,8,10,0,0,8,429
549,9,9,9,0,0,8,8,0,0,8,8,8,8,0,0,8,8,8,0,0,8,8,8,8,8,0,0,8,8,0,8,8,8,8,8,8,8,0,0,8,0,8,8,8,8,8,8,8,8,8,0,8,8,8,0,8,8,331
550,8,10,8,10,0,8,10,8,0,8,10,10,8,0,8,10,8,10,0,8,10,0,8,10,10,10,0,0,8,10,10,8,0,8,10,8,0,0,0,8,0,0,0,8,10,10,8,10,10,0,0,8,10,8,10,8,10,370
551,9,9,9,8,6,8,0,0,8,6,6,8,0,6,0,0,0,8,0,8,0,0,0,8,0,0,8,0,0,8,8,0,0,8,0,0,8,0,0,8,8,0,6,0,8,0,0,0,0,8,0,0,0,8,8,0,0,201
552,9,9,9,9,9,9,9,9,8,8,8,0,0,8,8,6,8,0,0,0,8,8,8,8,8,8,0,8,6,8,0,0,0,0,8,0,0,8,0,8,8,0,8,8,6,0,6,8,0,0,0,8,6,6,0,0,0,284
553,9,8,8,10,10,10,10,10,10,10,10,10,10,10,10,10,10,0,0,8,0,0,0,8,0,0,0,8,8,8,10,8,0,0,0,0,0,0,8,8,0,8,0,8,8,8,0,8,0,0,0,8,8,8,8,8,8,327
554,9,9,0,8,10,10,10,8,8,8,10,8,8,8,8,0,8,8,8,8,8,0,8,0,0,8,8,10,8,0,0,0,8,0,8,8,8,8,10,10,10,10,10,10,10,10,10,10,0,8,0,8,8,8,8,8,10,402
555,9,9,8,0,0,8,10,10,10,8,10,8,10,0,0,8,8,10,10,10,10,8,0,8,0,8,0,8,0,8,0,8,10,10,10,10,10,10,10,10,10,10,10,10,8,10,10,10,10,8,0,0,8,10,0,8,10,416
556,9,9,9,9,9,9,9,9,9,9,9,9,9,8,8,8,8,8,8,8,8,6,0,6,0,0,8,8,0,8,8,0,8,8,8,0,0,8,8,0,8,0,8,8,8,8,8,0,8,0,8,0,0,8,0,8,0,345
557,8,10,8,10,0,0,8,10,10,8,0,8,8,10,8,0,8,0,0,8,10,8,10,10,8,10,0,0,8,10,10,10,0,8,10,8,10,8,10,0,8,0,0,8,10,8,10,8,10,0,8,10,8,10,10,8,10,396
558,9,9,8,0,8,8,8,8,10,0,0,0,8,10,10,10,8,8,8,10,10,10,10,0,0,8,8,10,0,8,8,10,10,8,0,0,8,8,8,0,0,0,8,8,0,8,10,10,8,8,8,8,8,10,10,10,10,388
559,9,8,0,6,0,0,0,0,8,0,0,8,6,6,0,6,6,0,0,0,8,0,0,0,8,8,8,0,8,0,8,0,0,0,8,0,0,8,8,0,0,0,8,0,0,0,8,0,0,8,8,8,0,0,8,0,8,191
560,0,8,0,8,10,10,10,8,10,10,10,10,10,10,10,8,0,8,8,0,0,0,0,0,8,10,10,10,10,10,0,8,8,0,0,8,0,8,0,8,10,10,10,10,10,8,0,8,8,8,8,10,10,10,10,10,10,396
561,4,0,6,4,0,0,4,0,0,4,0,0,4,0,0,4,0,0,4,0,0,4,4,4,0,0,4,6,4,0,0,4,6,4,0,6,4,6,4,4,0,0,4,4,0,0,4,0,0,4,0,6,4,0,0,4,0,128
562,9,9,9,9,9,6,0,0,0,0,0,6,4,6,6,0,0,0,0,0,0,0,0,6,6,0,0,0,0,6,6,4,0,0,0,0,0,0,6,4,4,4,4,0,6,0,0,0,0,0,0,0,6,4,4,4,4,151
563,6,6,5,5,5,5,5,5,5,5,5,0,0,0,0,0,0,6,0,0,0,0,0,0,0,6,5,5,5,5,5,5,5,0,6,6,5,5,5,5,0,0,0,0,6,6,5,5,5,0,0,0,6,5,5,0,0,179
564,6,5,0,0,0,0,6,5,5,6,0,0,0,0,0,0,0,0,0,0,0,0,0,0,0,0,0,0,6,5,5,0,0,6,5,0,0,0,0,0,0,6,6,6,0,6,5,6,0,0,0,0,0,0,0,0,0,95
565,6,6,5,5,5,0,0,0,0,0,0,0,0,0,0,0,0,0,0,0,0,6,5,0,6,0,0,6,5,0,0,6,5,5,6,5,6,0,0,0,0,0,0,0,6,5,6,0,6,0,0,0,0,0,0,0,0,111
566,0,0,0,6,6,4,0,0,0,0,6,4,0,0,0,0,0,6,4,4,0,0,0,0,0,0,0,0,0,0,6,0,0,0,6,0,0,0,0,0,6,0,0,0,0,0,0,0,6,6,4,4,4,0,0,0,0,82
567,9,4,4,4,0,0,4,4,4,4,4,4,4,4,4,4,4,4,4,4,4,0,0,4,4,4,4,4,4,4,4,4,4,4,4,4,4,4,4,4,4,4,4,4,4,4,4,4,4,4,4,4,4,4,0,0,4,209
568,4,4,6,4,6,4,0,6,4,6,4,0,0,4,4,0,0,4,4,4,4,0,0,4,0,0,4,4,0,0,4,4,0,0,4,0,0,4,0,6,4,0,6,4,0,0,4,0,0,4,4,4,0,0,4,4,4,148
569,6,4,4,0,0,0,0,6,4,0,0,6,4,0,0,0,0,0,0,0,0,0,6,4,0,0,6,4,4,0,0,0,0,0,0,0,6,4,0,0,0,0,0,0,0,0,0,0,0,0,6,4,4,0,6,4,0,92
570,0,6,5,5,5,5,0,0,0,0,0,0,6,0,0,0,0,0,0,0,0,0,0,6,6,0,0,6,0,0,0,6,0,0,0,6,6,0,0,6,5,0,6,0,6,0,6,0,6,0,0,0,0,0,0,0,0,103
571,0,0,0,0,0,0,0,0,0,0,6,4,0,0,0,0,6,4,0,0,0,0,0,6,4,0,0,6,4,0,0,6,0,0,0,6,4,0,0,0,0,0,0,0,0,0,0,0,0,0,6,4,6,4,0,0,6,82
572,6,5,6,5,0,0,0,0,6,6,5,6,5,0,6,5,0,0,0,0,0,0,0,0,0,0,0,0,0,0,0,0,0,6,5,0,6,5,0,0,6,6,0,0,0,6,5,0,6,5,5,0,0,0,0,0,0,122
573,9,9,0,0,6,4,0,0,0,0,0,6,4,0,6,4,0,6,4,6,4,6,4,4,6,0,0,0,0,0,0,0,0,6,4,0,0,0,0,0,0,0,0,0,0,0,0,0,0,6,4,0,0,0,0,6,4,118
574,9,6,4,4,4,4,4,4,4,4,4,4,4,4,4,4,4,6,6,0,0,6,6,0,0,6,6,0,0,0,0,6,0,0,0,0,6,4,6,0,0,6,6,0,0,0,0,0,0,6,4,4,4,4,0,0,6,173
575,4,4,4,0,6,0,0,4,4,4,0,0,4,0,0,4,0,0,4,4,0,6,6,0,0,4,0,0,4,4,4,0,6,4,4,4,0,6,4,0,6,4,0,6,4,0,0,4,6,0,6,4,4,4,0,6,4,160
576,4,6,4,6,4,0,0,4,0,6,0,0,4,6,4,4,0,0,4,6,4,0,0,4,0,0,4,4,4,4,0,0,4,0,0,4,4,0,0,4,0,6,4,6,4,6,4,4,4,0,6,6,4,0,0,4,6,166
577,0,0,0,0,0,0,6,6,6,0,0,0,6,0,0,6,4,0,6,4,4,0,0,0,0,0,6,4,0,0,0,0,0,0,0,6,0,0,0,0,6,6,4,4,6,4,0,0,0,0,0,0,6,4,4,4,4,116
578,4,0,0,4,0,0,4,4,6,4,0,0,4,4,4,4,0,6,4,0,0,4,0,0,4,4,0,0,4,6,4,0,0,4,4,4,4,4,4,4,0,0,4,0,6,0,0,4,0,6,6,4,4,4,4,0,0,148
579,9,9,9,9,9,9,9,9,9,9,9,9,9,9,9,9,9,9,9,9,9,9,9,9,9,9,9,9,9,9,9,9,9,9,9,9,9,9,9,9,9,9,9,9,9,9,9,9,9,9,9,9,9,9,9,9,9,513
580,9,9,9,0,0,6,4,0,0,0,0,0,0,6,4,6,4,4,4,6,0,0,6,4,4,6,4,4,4,4,4,0,6,4,4,4,0,6,6,0,6,0,0,6,4,4,4,0,0,0,0,0,0,6,4,0,0,175
581,6,6,6,0,0,0,0,0,0,6,0,0,0,0,6,0,0,0,6,0,0,0,0,0,6,0,0,0,0,6,6,0,0,6,0,0,0,0,6,4,4,0,0,0,0,6,4,4,4,4,4,4,4,0,6,0,0,114
582,10,4,4,4,4,4,4,4,4,4,4,4,4,0,6,6,4,4,0,6,6,0,0,4,4,0,6,0,0,4,4,4,0,0,4,4,6,6,0,0,4,4,4,4,0,0,4,4,4,4,4,0,6,0,6,4,4,192
583,0,0,0,0,0,0,0,0,6,0,0,0,0,0,6,0,0,0,0,0,0,0,6,5,5,5,5,5,5,0,0,0,6,0,6,6,5,5,5,5,5,0,6,0,0,0,0,0,0,6,0,6,6,5,5,6,5,136
584,4,0,6,4,0,0,4,6,4,0,0,4,6,4,6,4,6,4,0,0,4,0,6,4,0,0,4,6,4,6,4,6,4,0,6,4,0,0,4,0,0,4,6,4,0,0,4,0,0,4,4,0,0,4,0,0,4,158
585,0,6,0,0,0,0,0,6,5,0,0,0,0,0,0,0,0,0,0,6,5,0,0,0,0,0,0,0,6,5,0,6,5,0,6,5,6,5,5,5,0,0,0,6,0,0,0,0,0,0,0,0,0,0,6,5,0,99
586,0,0,0,0,0,6,5,0,0,0,0,0,0,0,6,5,0,6,5,0,0,0,6,5,0,0,0,0,0,0,0,0,0,0,0,6,5,0,6,5,5,0,6,5,0,0,6,5,6,5,0,6,5,0,6,5,0,126
587,10,0,10,10,10,10,4,4,4,0,0,4,4,4,4,0,0,4,4,4,4,4,0,0,4,4,4,4,4,0,0,4,4,4,0,0,4,0,0,4,0,0,4,4,0,0,4,4,4,4,6,0,6,0,0,4,4,182
588,0,0,0,0,0,6,0,6,5,6,0,0,0,0,0,0,6,5,0,6,5,6,5,5,5,5,5,5,5,0,6,6,5,6,5,6,5,0,0,0,0,0,0,6,0,6,5,0,0,0,0,0,0,0,0,0,0,142
589,0,0,0,0,0,0,0,0,0,0,0,0,0,0,6,5,0,0,0,0,0,0,0,0,6,0,0,0,0,0,0,0,0,6,5,0,0,0,0,6,5,5,5,6,5,0,6,0,6,0,0,6,0,6,5,0,0,89
590,6,4,0,0,6,4,6,4,0,0,0,6,4,0,0,6,4,0,6,4,0,6,4,6,4,0,0,0,6,4,0,0,0,0,0,6,4,0,0,0,0,0,0,6,4,0,0,0,0,0,0,6,4,0,0,0,6,126
591,0,0,6,4,4,0,0,0,0,0,0,0,0,0,0,0,0,0,0,0,0,0,0,0,0,0,0,0,0,0,0,0,0,0,6,4,4,0,0,0,0,0,6,4,6,4,0,0,0,6,0,0,0,0,0,0,0,54
592,10,10,0,0,0,6,5,5,5,5,5,5,5,0,0,0,0,0,0,6,5,5,5,6,5,6,0,0,6,5,0,0,6,0,0,6,6,5,5,5,5,6,0,0,0,6,0,0,0,6,5,0,6,5,0,6,0,188
593,4,0,6,4,4,4,0,6,4,0,0,4,0,6,4,0,6,4,6,0,0,4,6,4,6,4,0,0,4,0,0,4,0,0,4,0,0,4,0,0,4,0,0,4,4,0,0,4,6,0,0,4,0,0,4,4,0,136
594,4,4,4,0,0,4,0,0,4,0,6,4,0,0,4,0,0,4,0,0,4,0,0,4,6,4,4,4,0,0,4,0,0,4,0,0,4,6,4,0,0,4,6,4,0,0,4,0,6,4,6,4,0,6,4,0,6,140
595,10,10,10,4,4,4,0,6,0,0,4,4,4,4,4,4,4,4,4,4,4,0,0,4,0,0,4,0,0,4,4,4,4,0,0,4,0,6,4,4,4,0,0,4,4,4,4,4,4,0,0,4,0,0,4,4,4,178
596,4,0,6,6,6,4,4,0,0,4,0,6,4,6,4,0,0,4,0,0,4,0,6,4,6,4,4,0,6,4,6,4,0,0,4,0,0,4,4,0,0,4,6,0,0,4,0,6,0,0,4,0,0,4,0,6,4,156
597,0,10,10,4,0,6,4,0,0,4,4,4,4,4,4,4,0,0,4,4,4,0,0,4,4,4,0,6,0,6,4,0,0,4,0,6,0,0,4,0,6,4,6,0,0,4,4,0,0,4,0,0,4,4,4,4,0,160
598,0,0,0,0,0,6,0,0,0,0,6,0,0,0,0,6,4,0,0,6,6,0,6,6,0,0,0,0,0,0,0,0,6,4,0,0,0,0,0,0,0,6,0,0,0,0,6,6,4,0,0,6,0,0,6,0,0,90
599,10,10,10,0,6,0,0,0,0,0,0,6,0,0,0,0,0,0,0,0,6,0,0,0,0,6,0,0,0,0,0,6,0,6,6,0,6,0,0,6,0,0,0,0,0,0,6,0,0,0,0,0,0,0,0,0,6,96
600,0,10,4,4,4,6,4,6,4,4,0,0,4,0,0,4,4,6,4,0,0,4,4,4,4,4,0,0,4,0,0,4,4,6,4,4,0,0,4,0,0,4,4,0,0,4,6,4,6,4,6,6,4,0,0,4,0,170
601,0,0,0,0,0,0,0,0,6,0,6,6,4,4,0,0,0,0,0,0,0,0,0,0,6,6,4,0,0,0,0,6,0,0,6,4,0,6,0,0,0,0,0,0,6,4,0,0,0,0,0,6,0,0,6,0,6,92
602,10,0,0,6,0,6,0,0,0,0,6,4,4,0,0,0,0,6,0,6,6,0,6,6,4,4,0,0,0,0,6,0,0,0,0,6,6,6,4,0,0,0,6,4,0,0,0,0,0,0,0,0,0,0,0,0,0,112
603,10,10,10,10,10,10,10,10,10,0,6,0,6,0,0,0,0,0,6,6,6,0,6,0,0,0,0,6,0,0,0,0,6,0,0,6,6,0,0,0,6,6,0,0,6,6,5,5,5,5,5,0,0,6,0,0,0,205
604,0,0,0,6,0,0,0,0,0,0,0,0,0,0,0,0,0,0,6,4,4,0,6,6,0,0,0,6,6,4,4,0,0,0,0,6,0,6,0,6,4,0,6,0,0,0,0,6,0,0,0,0,0,0,6,6,4,102
605,0,10,6,0,0,0,0,0,6,5,5,5,5,6,5,5,6,5,6,0,6,5,0,0,6,0,0,6,5,5,5,5,5,0,0,0,0,6,5,5,5,5,6,5,0,0,0,0,0,0,0,0,0,6,5,0,0,171
606,10,10,0,0,6,4,4,4,4,4,4,4,6,0,6,0,0,0,0,0,6,4,4,4,0,6,4,4,0,6,4,4,0,0,0,6,4,0,0,6,0,6,6,0,0,0,0,0,0,6,4,6,4,4,0,0,0,164
607,0,0,6,6,4,0,6,4,0,6,4,6,4,0,0,0,6,4,6,4,4,0,0,0,0,6,6,4,0,0,0,0,0,6,6,4,0,0,0,6,0,0,0,0,0,0,6,4,6,4,4,0,6,4,0,6,4,152
608,10,10,10,0,0,6,6,4,4,4,4,4,4,4,4,4,6,0,0,0,0,6,0,6,0,6,0,0,6,0,6,6,4,4,0,0,0,6,0,0,0,6,6,4,4,4,4,4,4,4,4,4,4,4,4,4,4,202
609,4,6,4,4,4,4,0,0,4,0,6,4,0,0,4,6,4,0,6,4,4,4,0,0,4,0,6,0,0,4,0,0,4,0,6,4,0,6,4,4,0,0,4,0,0,4,0,0,4,0,0,4,0,0,4,0,0,134
610,10,10,4,4,4,4,4,4,4,4,4,0,0,4,4,4,4,0,0,4,4,4,4,4,4,0,0,4,0,0,4,4,4,4,4,4,0,6,6,0,0,4,4,4,4,4,4,4,4,4,4,4,4,4,4,4,4,200
611,4,0,6,4,6,4,0,0,4,6,4,0,0,4,0,6,4,6,4,0,0,4,6,4,6,4,0,0,4,4,0,0,4,0,6,4,0,6,4,0,6,4,6,4,0,0,4,0,6,4,0,0,4,0,0,4,6,166
612,0,6,0,6,0,0,0,0,0,0,6,5,5,5,5,0,0,0,0,0,0,0,0,0,0,6,5,5,5,5,5,5,5,0,6,0,0,0,0,0,0,0,0,0,0,6,6,6,6,5,5,5,5,5,5,5,5,149
613,10,4,4,4,4,4,4,4,4,4,6,6,4,4,4,4,4,4,4,4,4,4,4,4,4,0,0,4,4,4,4,4,0,0,4,4,4,4,4,4,4,4,4,0,0,4,4,4,4,4,4,4,4,4,0,0,4,206
614,0,6,0,0,6,0,0,6,6,0,6,0,0,6,0,0,0,6,0,0,0,6,0,0,0,0,0,0,0,6,0,0,0,0,0,0,0,0,6,6,6,0,0,0,0,0,6,6,5,0,0,0,0,0,0,6,5,100
615,0,6,5,0,0,6,5,0,0,6,5,0,0,0,0,0,0,0,0,0,0,0,0,0,6,5,0,0,0,0,0,0,6,5,0,0,0,0,0,6,5,5,0,0,0,0,0,6,5,0,0,0,0,0,0,0,0,82
616,4,6,4,6,4,0,0,4,6,4,6,4,0,0,4,0,0,4,0,0,4,0,0,4,6,4,0,6,4,6,4,0,6,0,0,4,4,6,4,0,6,4,0,0,4,0,0,4,0,0,4,6,4,6,4,0,0,160
617,0,10,10,10,10,10,10,10,10,10,10,10,0,6,6,0,6,0,6,6,0,6,0,0,0,0,0,0,0,0,0,6,0,0,0,0,0,0,0,0,6,0,0,0,0,0,0,0,0,6,0,0,0,6,0,6,6,182
618,0,10,10,10,0,6,5,0,0,0,6,6,5,5,5,5,5,5,5,5,6,5,0,0,0,0,0,0,0,0,0,0,0,6,0,6,0,0,0,0,6,6,5,5,5,6,6,0,0,0,0,0,0,0,6,5,5,171
619,10,4,4,4,4,4,0,0,4,4,4,4,0,0,4,4,0,0,4,4,4,4,0,0,4,4,0,0,4,4,4,0,0,4,4,4,0,0,4,4,0,0,4,4,4,4,0,6,4,4,4,0,0,4,4,6,0,158
620,6,4,6,4,6,4,6,4,6,4,4,0,0,0,0,6,4,6,4,0,0,0,0,6,4,0,0,6,4,0,0,0,6,4,0,0,0,0,0,6,4,0,0,6,4,6,6,0,0,0,0,0,0,6,0,0,0,142
621,10,10,10,10,10,10,10,10,10,10,10,10,10,10,10,10,10,10,10,10,10,10,10,10,10,10,10,10,10,10,10,10,10,10,10,10,10,10,10,10,10,10,10,10,10,10,10,10,10,10,10,10,10,10,10,10,10,570
622,6,6,0,0,0,6,4,4,4,4,4,4,0,0,6,0,0,6,0,0,6,0,0,0,0,0,0,6,0,0,0,0,6,4,4,4,6,0,0,0,0,6,4,4,6,0,6,0,0,6,0,0,0,0,0,0,0,122
623,10,10,10,10,4,0,0,4,0,0,4,4,6,4,4,4,0,0,4,4,0,6,0,0,4,4,4,4,4,4,4,4,0,0,4,0,6,0,0,4,4,6,0,0,4,4,4,4,6,0,0,4,0,0,4,4,0,178
624,0,0,0,6,6,0,0,0,0,0,0,0,6,4,0,0,0,6,6,4,0,0,0,0,0,0,0,0,0,0,0,0,0,6,4,0,0,0,0,0,0,0,0,0,0,0,0,6,4,0,6,4,4,6,4,6,4,92
625,10,10,10,10,0,0,0,0,0,0,0,6,6,0,6,0,6,5,5,5,5,5,5,0,0,0,0,0,6,5,5,5,5,5,5,5,5,5,6,0,0,0,0,6,6,0,0,6,6,6,6,0,0,0,0,0,0,187
626,8,10,0,8,10,10,10,8,10,0,0,10,10,0,0,10,0,8,10,8,10,0,0,10,0,8,0,8,10,0,0,10,10,8,10,10,0,8,8,10,10,8,8,10,8,10,10,10,10,10,8,10,0,8,10,8,10,398
627,8,10,10,10,10,10,10,10,10,10,8,10,0,8,10,10,0,0,10,0,8,10,0,8,8,8,10,10,8,10,0,0,10,8,10,8,8,10,0,0,10,0,8,8,10,8,10,0,8,10,0,0,10,0,8,8,8,394
628,8,10,10,0,8,10,10,10,10,0,8,10,10,10,10,10,8,0,0,8,8,0,0,8,8,10,10,10,10,10,10,0,8,10,8,10,8,8,10,10,8,8,0,8,8,10,10,8,8,0,8,8,8,8,10,0,8,424
629,0,8,10,10,10,10,8,0,0,10,10,0,8,8,8,8,8,0,0,10,8,10,0,0,10,8,8,10,10,0,0,10,8,10,0,8,10,8,10,10,10,8,0,8,0,8,0,8,8,8,8,0,8,10,0,8,10,366
630,10,8,10,10,10,10,8,10,8,8,10,8,10,10,10,10,10,10,10,0,8,10,10,10,10,10,10,10,0,8,10,10,10,8,0,0,10,10,10,10,10,10,10,10,10,10,10,8,10,8,10,10,10,8,10,10,10,508
631,8,8,10,8,8,8,10,10,10,10,10,0,0,10,8,8,0,8,8,8,8,10,8,10,0,0,10,10,10,0,8,0,0,10,8,10,10,0,8,8,10,8,8,8,0,0,10,10,10,0,8,10,0,8,8,10,10,396
632,0,10,10,10,10,10,10,10,10,10,10,8,8,8,0,8,0,8,8,8,8,8,0,8,0,0,10,10,10,10,10,10,10,10,10,10,8,8,8,0,8,8,0,0,10,10,10,10,10,10,10,10,10,10,10,10,10,450
633,10,10,8,10,10,8,8,8,0,8,10,10,10,8,8,8,8,8,8,0,8,10,10,10,10,10,10,8,0,8,10,10,10,10,8,0,8,0,8,0,0,10,10,10,10,10,10,10,10,10,10,8,8,10,10,10,8,460
634,0,10,10,10,10,10,0,0,10,10,10,10,10,10,10,10,0,0,10,0,8,8,0,0,10,10,10,10,10,10,10,10,10,10,10,10,10,10,10,10,10,10,10,10,10,8,0,8,8,10,10,10,10,8,8,0,0,446
635,8,10,10,8,8,8,10,8,10,10,8,10,10,8,8,10,0,0,10,10,10,10,8,10,10,0,0,10,10,8,10,8,0,8,10,10,10,10,10,8,10,0,8,10,0,8,10,0,8,10,8,10,8,8,0,0,10,432
636,0,0,10,0,8,10,8,10,8,10,8,10,0,8,10,0,0,10,8,10,0,8,10,8,10,8,10,0,8,10,8,10,8,10,0,8,10,0,8,10,10,8,10,10,8,10,0,0,10,8,8,10,8,10,0,8,10,400
637,10,0,8,8,10,8,0,8,8,10,10,8,10,0,8,8,10,0,0,10,10,10,10,8,8,8,0,8,8,10,10,10,10,10,0,0,10,10,10,8,8,8,0,8,0,0,10,10,10,10,8,0,8,0,8,8,8,396
638,8,0,0,10,10,10,10,8,10,10,10,0,8,10,10,8,10,8,10,10,10,8,0,8,0,8,10,0,0,10,10,10,0,8,10,0,0,10,10,8,10,0,8,10,10,8,10,10,8,8,10,8,10,10,8,0,0,408
639,8,8,8,8,0,8,0,8,10,10,8,10,8,8,10,8,10,0,0,10,10,0,0,10,8,10,8,10,0,0,10,8,8,8,10,10,8,8,10,0,8,8,10,10,8,10,10,8,0,0,10,10,0,8,0,0,0,376
640,8,10,10,10,8,0,8,10,8,8,0,8,8,10,8,8,0,8,10,8,8,10,0,8,8,0,8,10,8,0,8,0,0,10,0,0,10,10,8,10,10,10,0,8,8,10,10,10,0,8,8,8,8,10,10,8,8,398
641,10,10,0,0,8,8,0,0,8,10,10,10,10,0,8,0,0,0,0,0,8,0,8,10,10,10,8,8,8,10,8,0,0,8,10,0,0,8,8,10,10,10,10,0,0,0,8,10,10,10,10,8,0,8,10,10,8,346
642,8,8,10,10,0,0,10,8,0,10,0,8,10,8,10,10,8,10,0,8,10,0,8,10,0,0,10,8,10,10,8,0,0,10,8,10,8,10,0,8,8,10,8,0,0,10,8,10,8,10,0,8,8,10,0,8,10,380
643,8,8,0,8,8,8,8,10,10,10,10,10,10,10,10,0,0,10,10,0,8,10,10,0,8,8,8,8,8,8,8,8,0,0,10,10,10,10,10,10,10,10,10,10,10,8,10,8,10,10,8,8,0,0,10,10,10,442
644,0,8,10,0,8,10,0,8,10,8,10,8,10,8,10,8,10,8,10,8,10,0,0,10,0,8,10,8,10,8,10,8,10,8,10,0,0,10,0,8,10,0,8,10,8,10,0,0,10,8,8,10,0,8,10,8,10,398
645,10,0,8,0,8,10,8,0,8,10,0,8,10,8,8,10,10,8,10,8,10,10,0,0,10,8,10,8,0,0,10,8,10,8,10,0,0,10,8,10,10,10,0,8,10,8,10,8,8,10,10,10,0,8,10,10,10,412
646,0,8,10,0,8,10,0,8,10,8,10,0,8,10,8,10,8,10,8,10,8,10,8,0,0,10,8,10,8,8,10,0,8,10,8,10,8,10,8,10,0,8,10,10,8,10,8,10,8,10,0,8,10,8,10,0,0,414
647,10,10,10,10,10,10,10,10,10,10,10,10,10,10,10,10,10,10,10,10,10,10,10,10,10,10,10,10,10,10,10,10,10,10,10,10,10,10,10,10,10,10,10,10,10,10,10,10,10,10,10,10,10,10,10,10,10,570
648,10,10,10,10,10,0,0,10,10,10,10,10,10,10,10,10,10,10,10,10,10,10,10,10,10,10,10,0,8,8,8,8,8,10,10,10,10,10,0,8,0,8,8,8,8,0,0,10,8,8,8,0,8,8,0,0,10,440
649,10,10,10,10,10,10,10,10,10,10,10,10,10,10,10,10,10,10,10,10,10,10,8,8,0,0,0,8,0,8,8,8,8,0,8,8,8,0,8,8,10,10,10,10,10,10,10,10,10,10,10,10,10,10,10,10,10,486
650,8,0,8,10,8,10,0,0,10,8,10,10,0,8,10,0,8,10,8,10,10,0,0,10,10,0,8,10,8,10,0,8,10,8,10,8,10,0,0,10,0,0,10,8,10,8,10,8,10,0,8,10,0,8,10,8,10,384
651,10,10,8,8,10,10,8,10,0,8,10,8,10,10,0,0,0,8,10,0,8,8,10,8,10,10,10,10,10,0,8,10,8,10,10,0,8,10,10,10,8,10,10,0,8,10,8,8,8,0,0,8,10,0,8,10,8,420
652,10,10,8,0,8,10,0,8,8,10,10,0,0,10,8,10,0,0,10,8,10,0,8,10,0,8,10,8,10,0,8,10,0,8,10,8,10,0,8,10,8,10,8,10,8,10,8,10,10,0,8,10,8,10,0,8,10,400
653,10,8,8,8,8,8,8,8,8,0,8,10,10,10,8,0,8,10,10,0,8,8,0,8,10,10,10,10,10,10,10,10,0,8,10,10,10,8,8,8,8,8,0,8,8,10,10,10,10,10,10,8,8,0,8,0,8,438
654,10,8,10,10,8,0,0,10,8,10,10,10,10,0,8,10,0,8,8,10,10,0,0,10,10,8,10,8,10,0,0,10,10,8,0,8,8,0,0,10,10,8,10,8,0,8,0,0,10,0,8,10,0,8,8,10,10,376
655,10,10,0,8,8,10,0,8,8,8,10,8,10,10,8,10,10,0,8,10,0,8,0,0,10,10,8,0,8,10,8,10,8,10,8,10,8,8,10,0,8,10,8,10,8,10,0,0,10,0,0,10,8,10,10,8,10,408
656,10,8,10,10,0,0,10,8,8,10,10,8,0,8,10,8,10,10,0,8,10,0,0,10,0,8,10,8,10,10,10,10,10,8,10,8,10,10,0,8,10,8,10,10,10,8,10,8,10,10,10,8,0,0,10,8,10,436
657,10,10,8,0,0,10,0,8,0,8,10,8,10,10,10,10,8,0,8,8,10,10,10,8,8,0,8,10,0,0,10,8,10,8,8,8,8,8,8,10,10,0,8,10,10,8,10,10,10,8,10,10,10,0,8,8,10,426
658,10,8,10,8,10,0,0,10,8,10,10,0,8,8,10,8,10,10,10,8,10,8,10,10,0,0,10,8,10,0,8,10,8,10,8,10,0,8,10,8,10,0,8,8,10,8,10,8,8,10,10,0,8,10,0,0,10,420
659,10,10,10,10,10,10,10,10,10,10,0,10,10,10,10,10,10,10,10,10,10,10,10,10,10,10,10,10,10,10,10,10,10,10,10,10,10,10,10,10,10,10,10,10,10,10,10,10,10,10,10,10,10,10,10,10,10,560
660,10,8,10,8,10,8,10,8,10,0,8,10,8,10,8,10,8,10,8,10,8,10,0,0,10,8,10,0,0,10,8,10,10,10,0,8,10,8,10,0,8,10,0,8,10,8,10,8,10,8,10,8,10,8,10,8,10,446
661,10,8,8,10,10,8,10,0,8,8,0,0,10,10,8,0,0,10,0,8,10,10,10,0,0,10,8,10,0,8,0,8,8,10,10,8,8,10,10,8,10,10,8,8,10,10,10,10,8,10,10,8,10,8,10,10,10,432
662,10,8,8,10,0,8,10,8,10,8,10,0,8,8,10,10,0,8,10,8,10,0,0,10,0,8,10,0,0,10,8,10,0,8,10,8,10,8,10,8,10,8,10,8,10,8,10,0,8,10,0,8,10,8,10,0,8,406
663,10,10,10,0,8,0,8,8,10,0,0,10,0,8,8,0,8,8,10,8,10,10,8,10,8,10,10,10,8,10,0,0,10,10,8,8,0,0,10,0,0,10,10,10,10,8,10,0,8,8,0,8,10,8,0,0,10,374
664,0,10,10,10,10,10,10,0,8,0,8,10,8,8,8,8,8,10,10,10,0,8,8,8,0,8,10,10,0,8,8,10,10,10,10,10,10,10,10,0,10,8,8,10,10,10,0,8,10,10,10,10,0,8,0,0,10,426
665,10,8,8,10,10,10,8,10,8,0,0,10,8,10,8,10,8,0,0,10,10,8,8,10,8,10,0,8,10,0,0,10,8,10,10,8,0,8,8,0,8,10,10,10,10,0,8,10,10,10,8,8,8,10,0,8,10,418
Grand Total,2968,2829,2691,2590,2513,2426,2531,2454,2513,2489,2607,2477,2484,2395,2455,2345,2209,2321,2392,2378,2388,2289,2179,2387,2408,2273,2380,2350,2428,2313,2335,2280,2376,2399,2406,2367,2370,2362,2423,2412,2362,2352,2301,2349,2295,2398,2427,2392,2408,2383,2260,2452,2301,2336,2318,2324,2391,137241
,164,195,222,236,263,271,263,269,269,266,254,263,267,283,273,288,302,291,287,294,285,297,318,290,282,299,285,290,278,292,292,301,286,288,296,288,291,301,287,294,290,304,301,299,307,298,286,294,288,285,300,281,295,292,297,299,287,
